--
-- PostgreSQL database dump
--

-- Dumped from database version 12.4
-- Dumped by pg_dump version 12.4

SET statement_timeout = 0;
SET lock_timeout = 0;
SET idle_in_transaction_session_timeout = 0;
SET client_encoding = 'UTF8';
SET standard_conforming_strings = on;
SELECT pg_catalog.set_config('search_path', '', false);
SET check_function_bodies = false;
SET xmloption = content;
SET client_min_messages = warning;
SET row_security = off;

--
-- Name: migrate(text); Type: PROCEDURE; Schema: public; Owner: tenmo
--

CREATE PROCEDURE public.migrate(migration text)
    LANGUAGE plpgsql
    AS $$
	declare
		step numeric := nextval('migration_steps');
	begin
		if exists(select 1 from migrations where id = step) then
			raise notice 'migrations: skipping step %', step;
		else
			raise notice 'migrations: running step %', step;
			execute migration;
			insert into migrations (id) values (step);
		end if;
	end;
$$;


ALTER PROCEDURE public.migrate(migration text) OWNER TO tenmo;

--
-- Name: notify_events_changes(); Type: FUNCTION; Schema: public; Owner: tenmo
--

CREATE FUNCTION public.notify_events_changes() RETURNS trigger
    LANGUAGE plpgsql
    AS $$
  BEGIN
  PERFORM pg_notify(
    'events_changed',
    json_build_object(
      'operation', TG_OP,
      'record', row_to_json(NEW)
    )::text
  );
  RETURN NEW;
  END;
  $$;


ALTER FUNCTION public.notify_events_changes() OWNER TO tenmo;

--
-- Name: update_modified_column(); Type: FUNCTION; Schema: public; Owner: tenmo
--

CREATE FUNCTION public.update_modified_column() RETURNS trigger
    LANGUAGE plpgsql
    AS $$
  BEGIN
    NEW.modified = now();
    RETURN NEW;
  END;
  $$;


ALTER FUNCTION public.update_modified_column() OWNER TO tenmo;

SET default_table_access_method = heap;

--
-- Name: entities; Type: TABLE; Schema: public; Owner: tenmo
--

CREATE TABLE public.entities (
    entity_id text NOT NULL,
    stored_at timestamp with time zone DEFAULT now() NOT NULL,
    description text
);


ALTER TABLE public.entities OWNER TO tenmo;

--
-- Name: events; Type: TABLE; Schema: public; Owner: tenmo
--

CREATE TABLE public.events (
    ulid character(26) NOT NULL,
    status character(1) DEFAULT 'i'::bpchar NOT NULL,
    attempts integer DEFAULT 0 NOT NULL,
    stored_at timestamp with time zone DEFAULT now() NOT NULL,
    modified timestamp with time zone DEFAULT now() NOT NULL,
    created_at timestamp with time zone NOT NULL,
    event_type text NOT NULL,
    payload jsonb NOT NULL
);


ALTER TABLE public.events OWNER TO tenmo;

--
-- Name: executions; Type: TABLE; Schema: public; Owner: tenmo
--

CREATE TABLE public.executions (
    execution_id text NOT NULL,
    stored_at timestamp with time zone DEFAULT now() NOT NULL,
    begin_timestamp timestamp with time zone NOT NULL,
    parent_id text,
    creator_id text,
    process_id text,
    description text DEFAULT ''::text,
    end_timestamp timestamp with time zone
);


ALTER TABLE public.executions OWNER TO tenmo;

--
-- Name: incarnations; Type: TABLE; Schema: public; Owner: tenmo
--

CREATE TABLE public.incarnations (
    incarnation_id text NOT NULL,
    stored_at timestamp with time zone DEFAULT now() NOT NULL,
    entity_id text,
    creator_id text,
    description text DEFAULT ''::text
);


ALTER TABLE public.incarnations OWNER TO tenmo;

--
-- Name: migrations; Type: TABLE; Schema: public; Owner: tenmo
--

CREATE TABLE public.migrations (
    id integer NOT NULL,
    created_at timestamp with time zone DEFAULT now() NOT NULL
);


ALTER TABLE public.migrations OWNER TO tenmo;

--
-- Name: operations; Type: TABLE; Schema: public; Owner: tenmo
--

CREATE TABLE public.operations (
    operation_id text NOT NULL,
    stored_at timestamp with time zone DEFAULT now() NOT NULL,
    ts timestamp with time zone NOT NULL,
    execution_id text,
    op_type character(1),
    entity_id text NOT NULL,
    incarnation_id text NOT NULL,
    entity_description text DEFAULT ''::text,
    incarnation_description text DEFAULT ''::text
);


ALTER TABLE public.operations OWNER TO tenmo;

--
-- Name: processes; Type: TABLE; Schema: public; Owner: tenmo
--

CREATE TABLE public.processes (
    process_id text NOT NULL,
    stored_at timestamp with time zone DEFAULT now() NOT NULL,
    description text
);


ALTER TABLE public.processes OWNER TO tenmo;

--
-- Data for Name: entities; Type: TABLE DATA; Schema: public; Owner: tenmo
--

INSERT INTO public.entities VALUES ('en://file:///dev/null', '2020-09-17 14:06:11.445429+00', 'file /dev/null') ON CONFLICT DO NOTHING;
INSERT INTO public.entities VALUES ('en:///apis/apps/v1/namespaces/kube-system/deployments/coredns', '2020-09-17 14:06:11.572273+00', 'deployment coredns') ON CONFLICT DO NOTHING;
INSERT INTO public.entities VALUES ('en://file:///nix/store/zs5f4p4lr4hkmipfz3xfgzs0saq0aw3w-kubenix-generated.json', '2020-09-17 14:06:11.792142+00', 'file /nix/store/zs5f4p4lr4hkmipfz3xfgzs0saq0aw3w-kubenix-generated.json') ON CONFLICT DO NOTHING;
INSERT INTO public.entities VALUES ('en://in-memory-/apis/apps/v1/namespaces/default/deployments/nginx', '2020-09-17 14:06:11.879006+00', 'in-memory resource /apis/apps/v1/namespaces/default/deployments/nginx') ON CONFLICT DO NOTHING;
INSERT INTO public.entities VALUES ('en://in-memory-https://192.168.1.1/api/v1/namespaces/default/configmaps/nginx-config', '2020-09-17 14:06:11.896645+00', 'in-memory resource https://192.168.1.1/api/v1/namespaces/default/configmaps/nginx-config') ON CONFLICT DO NOTHING;
INSERT INTO public.entities VALUES ('en://in-memory-https://192.168.1.1/api/v1/namespaces/default/configmaps/nginx-static', '2020-09-17 14:06:11.906598+00', 'in-memory resource https://192.168.1.1/api/v1/namespaces/default/configmaps/nginx-static') ON CONFLICT DO NOTHING;
INSERT INTO public.entities VALUES ('en://in-memory-https://192.168.1.1/api/v1/namespaces/default/services/nginx', '2020-09-17 14:06:11.914719+00', 'in-memory resource https://192.168.1.1/api/v1/namespaces/default/services/nginx') ON CONFLICT DO NOTHING;
INSERT INTO public.entities VALUES ('en:///apis/apps/v1/namespaces/default/deployments/nginx', '2020-09-17 14:06:11.940409+00', 'resource deployments/nginx') ON CONFLICT DO NOTHING;
INSERT INTO public.entities VALUES ('en://https://192.168.1.1/api/v1/namespaces/default/configmaps/nginx-config', '2020-09-17 14:06:11.971249+00', 'resource configmaps/nginx-config') ON CONFLICT DO NOTHING;
INSERT INTO public.entities VALUES ('en://https://192.168.1.1/api/v1/namespaces/default/configmaps/nginx-static', '2020-09-17 14:06:12.214165+00', 'resource configmaps/nginx-static') ON CONFLICT DO NOTHING;
INSERT INTO public.entities VALUES ('en://https://192.168.1.1/api/v1/namespaces/default/services/nginx', '2020-09-17 14:06:12.257372+00', 'resource services/nginx') ON CONFLICT DO NOTHING;


--
-- Data for Name: events; Type: TABLE DATA; Schema: public; Owner: tenmo
--

INSERT INTO public.events VALUES ('01EJE63ZQPAZG6JS3TJ6YGSYVY', 'p', 1, '2020-09-17 14:05:02.071179+00', '2020-09-17 14:06:11.445429+00', '2020-09-17 14:05:02.070277+00', 'EventOperation', '{"type": "r", "entity_id": "en://file:///dev/null", "timestamp": "2020-09-17T14:05:02.070276819Z", "event_ulid": "01EJE63ZQPAZG6JS3TJ6YGSYVY", "execution_id": "ex://kubectl-apply-builder-01EJE63ZQF5GHBCT3PRM08VKTP", "operation_id": "01EJE63ZQPAZG6JS3TJ6YGSYVY", "incarnation_id": "i://file:///dev/null?ulid=01EJE63ZQPAZG6JS3TJ5WTGGZG", "entity_description": "file /dev/null", "incarnation_description": "file /dev/null"}') ON CONFLICT DO NOTHING;
INSERT INTO public.events VALUES ('01EJE63YWXHCQ5M6QH9GJBE4Q0', 'p', 1, '2020-09-17 14:05:01.216109+00', '2020-09-17 14:06:11.432923+00', '2020-09-17 14:05:01.213244+00', 'EventExecutionBegins', '{"timestamp": "2020-09-17T14:05:01.213243872Z", "event_ulid": "01EJE63YWXHCQ5M6QH9GJBE4Q0", "description": "kubectl apply", "execution_id": "ex://kubectl-apply-01EJE63YWXHCQ5M6QH9CM3A7WM"}') ON CONFLICT DO NOTHING;
INSERT INTO public.events VALUES ('01EJE63ZQF5GHBCT3PRNJR6NAG', 'p', 1, '2020-09-17 14:05:02.065711+00', '2020-09-17 14:06:11.438779+00', '2020-09-17 14:05:02.063872+00', 'EventExecutionBegins', '{"parent_id": "ex://kubectl-apply-01EJE63YWXHCQ5M6QH9CM3A7WM", "timestamp": "2020-09-17T14:05:02.063871536Z", "event_ulid": "01EJE63ZQF5GHBCT3PRNJR6NAG", "description": "kubectl apply resource building", "execution_id": "ex://kubectl-apply-builder-01EJE63ZQF5GHBCT3PRM08VKTP"}') ON CONFLICT DO NOTHING;
INSERT INTO public.events VALUES ('01EJE63ZQVD0GRR8YEQ604NGGZ', 'p', 1, '2020-09-17 14:05:02.07622+00', '2020-09-17 14:06:11.454062+00', '2020-09-17 14:05:02.075522+00', 'EventExecutionEnds', '{"timestamp": "2020-09-17T14:05:02.07552162Z", "event_ulid": "01EJE63ZQVD0GRR8YEQ604NGGZ", "execution_id": "ex://kubectl-apply-builder-01EJE63ZQF5GHBCT3PRM08VKTP"}') ON CONFLICT DO NOTHING;
INSERT INTO public.events VALUES ('01EJE63ZWXT9ZPN6FGGW33BYEM', 'p', 1, '2020-09-17 14:05:02.238664+00', '2020-09-17 14:06:11.459965+00', '2020-09-17 14:05:02.237031+00', 'EventExecutionBegins', '{"timestamp": "2020-09-17T14:05:02.237031253Z", "event_ulid": "01EJE63ZWXT9ZPN6FGGW33BYEM", "description": "kubectl apply", "execution_id": "ex://kubectl-apply-01EJE63ZWWH6W9RP0F4SP1C3KT"}') ON CONFLICT DO NOTHING;
INSERT INTO public.events VALUES ('01EJE6404NH73EF4008HANM2VZ', 'p', 1, '2020-09-17 14:05:02.487012+00', '2020-09-17 14:06:11.466156+00', '2020-09-17 14:05:02.485777+00', 'EventExecutionBegins', '{"parent_id": "ex://kubectl-apply-01EJE63ZWWH6W9RP0F4SP1C3KT", "timestamp": "2020-09-17T14:05:02.485776834Z", "event_ulid": "01EJE6404NH73EF4008HANM2VZ", "description": "kubectl apply resource building", "execution_id": "ex://kubectl-apply-builder-01EJE6404NH73EF4008DY2Q0RS"}') ON CONFLICT DO NOTHING;
INSERT INTO public.events VALUES ('01EJE6404VRQ5GV6MK7S4RBAWG', 'p', 1, '2020-09-17 14:05:02.492605+00', '2020-09-17 14:06:11.472063+00', '2020-09-17 14:05:02.491436+00', 'EventOperation', '{"type": "r", "entity_id": "en://file:///dev/null", "timestamp": "2020-09-17T14:05:02.491436212Z", "event_ulid": "01EJE6404VRQ5GV6MK7S4RBAWG", "execution_id": "ex://kubectl-apply-builder-01EJE6404NH73EF4008DY2Q0RS", "operation_id": "01EJE6404VRQ5GV6MK7S4RBAWG", "incarnation_id": "i://file:///dev/null?ulid=01EJE6404VRQ5GV6MK7QDABCCY", "entity_description": "file /dev/null", "incarnation_description": "file /dev/null"}') ON CONFLICT DO NOTHING;
INSERT INTO public.events VALUES ('01EJE648DF1P02JDNSD8BJ0TE4', 'p', 2, '2020-09-17 14:05:10.961018+00', '2020-09-17 14:06:18.927478+00', '2020-09-17 14:05:10.959563+00', 'EventExecutionBegins', '{"parent_id": "ex://kube-DeploymentController-worker-01EJE645ZGAKENAZJ2BHTCNEE2", "timestamp": "2020-09-17T14:05:10.959563026Z", "event_ulid": "01EJE648DF1P02JDNSD8BJ0TE4", "description": "kube DC process one", "execution_id": "ex://kube-DeploymentController-worker-processNextWorkItem-01EJE648DF1P02JDNSD5HV122S"}') ON CONFLICT DO NOTHING;
INSERT INTO public.events VALUES ('01EJE64050HZYCNJ53K6S0R7D7', 'p', 1, '2020-09-17 14:05:02.497821+00', '2020-09-17 14:06:11.48819+00', '2020-09-17 14:05:02.496827+00', 'EventExecutionEnds', '{"timestamp": "2020-09-17T14:05:02.496826562Z", "event_ulid": "01EJE64050HZYCNJ53K6S0R7D7", "execution_id": "ex://kubectl-apply-builder-01EJE6404NH73EF4008DY2Q0RS"}') ON CONFLICT DO NOTHING;
INSERT INTO public.events VALUES ('01EJE64254Q24CK0HS2WNPDRHH', 'p', 1, '2020-09-17 14:05:04.553127+00', '2020-09-17 14:06:11.505419+00', '2020-09-17 14:05:04.548242+00', 'EventExecutionBegins', '{"timestamp": "2020-09-17T14:05:04.548242035Z", "event_ulid": "01EJE64254Q24CK0HS2WNPDRHH", "description": "kube DC Run", "execution_id": "ex://kube-DeploymentController-Run-01EJE6425322VSZEH9NFVF1D0F"}') ON CONFLICT DO NOTHING;
INSERT INTO public.events VALUES ('01EJE645ZGAKENAZJ2BMMFB882', 'p', 1, '2020-09-17 14:05:08.475652+00', '2020-09-17 14:06:11.515664+00', '2020-09-17 14:05:08.464869+00', 'EventExecutionBegins', '{"parent_id": "ex://kube-DeploymentController-Run-01EJE6425322VSZEH9NFVF1D0F", "timestamp": "2020-09-17T14:05:08.464869427Z", "event_ulid": "01EJE645ZGAKENAZJ2BMMFB882", "description": "kube DC worker", "execution_id": "ex://kube-DeploymentController-worker-01EJE645ZGAKENAZJ2BHTCNEE2"}') ON CONFLICT DO NOTHING;
INSERT INTO public.events VALUES ('01EJE645ZKWP5W0BEA1WKW66WW', 'p', 1, '2020-09-17 14:05:08.551217+00', '2020-09-17 14:06:11.52477+00', '2020-09-17 14:05:08.467754+00', 'EventExecutionBegins', '{"parent_id": "ex://kube-DeploymentController-Run-01EJE6425322VSZEH9NFVF1D0F", "timestamp": "2020-09-17T14:05:08.467754431Z", "event_ulid": "01EJE645ZKWP5W0BEA1WKW66WW", "description": "kube DC worker", "execution_id": "ex://kube-DeploymentController-worker-01EJE645ZKWP5W0BEA1TDGKE3D"}') ON CONFLICT DO NOTHING;
INSERT INTO public.events VALUES ('01EJE645ZHBGMEF8RCXYMQE7FD', 'p', 1, '2020-09-17 14:05:08.563118+00', '2020-09-17 14:06:11.536307+00', '2020-09-17 14:05:08.465354+00', 'EventExecutionBegins', '{"parent_id": "ex://kube-DeploymentController-Run-01EJE6425322VSZEH9NFVF1D0F", "timestamp": "2020-09-17T14:05:08.465354126Z", "event_ulid": "01EJE645ZHBGMEF8RCXYMQE7FD", "description": "kube DC worker", "execution_id": "ex://kube-DeploymentController-worker-01EJE645ZHBGMEF8RCXY1AXD3N"}') ON CONFLICT DO NOTHING;
INSERT INTO public.events VALUES ('01EJE645ZJT7J6WXM0H3FFQBNK', 'p', 1, '2020-09-17 14:05:08.563516+00', '2020-09-17 14:06:11.544312+00', '2020-09-17 14:05:08.46617+00', 'EventExecutionBegins', '{"parent_id": "ex://kube-DeploymentController-Run-01EJE6425322VSZEH9NFVF1D0F", "timestamp": "2020-09-17T14:05:08.466170431Z", "event_ulid": "01EJE645ZJT7J6WXM0H3FFQBNK", "description": "kube DC worker", "execution_id": "ex://kube-DeploymentController-worker-01EJE645ZHBGMEF8RCY2YCXK6J"}') ON CONFLICT DO NOTHING;
INSERT INTO public.events VALUES ('01EJE645ZKWP5W0BEA1SBS3340', 'p', 1, '2020-09-17 14:05:08.56715+00', '2020-09-17 14:06:11.550668+00', '2020-09-17 14:05:08.467136+00', 'EventExecutionBegins', '{"parent_id": "ex://kube-DeploymentController-Run-01EJE6425322VSZEH9NFVF1D0F", "timestamp": "2020-09-17T14:05:08.467135916Z", "event_ulid": "01EJE645ZKWP5W0BEA1SBS3340", "description": "kube DC worker", "execution_id": "ex://kube-DeploymentController-worker-01EJE645ZHBGMEF8RCXZ3T6F4G"}') ON CONFLICT DO NOTHING;
INSERT INTO public.events VALUES ('01EJE648KGBC89JDWJM7Q846S3', 'p', 1, '2020-09-17 14:05:11.156078+00', '2020-09-17 14:06:11.566355+00', '2020-09-17 14:05:11.153026+00', 'EventExecutionBegins', '{"parent_id": "ex://kube-DeploymentController-worker-01EJE645ZKWP5W0BEA1TDGKE3D", "timestamp": "2020-09-17T14:05:11.153025603Z", "event_ulid": "01EJE648KGBC89JDWJM7Q846S3", "description": "kube DC process one", "execution_id": "ex://kube-DeploymentController-worker-processNextWorkItem-01EJE648KGBC89JDWJM7CW7CZY"}') ON CONFLICT DO NOTHING;
INSERT INTO public.events VALUES ('01EJE648NE72AAPA588A53ZT83', 'p', 1, '2020-09-17 14:05:11.216059+00', '2020-09-17 14:06:11.589499+00', '2020-09-17 14:05:11.214317+00', 'EventExecutionEnds', '{"timestamp": "2020-09-17T14:05:11.214316913Z", "event_ulid": "01EJE648NE72AAPA588A53ZT83", "execution_id": "ex://kube-DeploymentController-worker-processNextWorkItem-01EJE648KGBC89JDWJM7CW7CZY"}') ON CONFLICT DO NOTHING;
INSERT INTO public.events VALUES ('01EJE648NW72KJKE02E9S44B8Y', 'p', 2, '2020-09-17 14:05:11.230027+00', '2020-09-17 14:06:18.932404+00', '2020-09-17 14:05:11.228122+00', 'EventOperation', '{"type": "r", "entity_id": "en:///apis/apps/v1/namespaces/kube-system/deployments/coredns", "timestamp": "2020-09-17T14:05:11.228122019Z", "event_ulid": "01EJE648NW72KJKE02E9S44B8Y", "execution_id": "ex://kube-DeploymentController-worker-processNextWorkItem-01EJE648NF4KTS29VG950F1H8J", "operation_id": "01EJE648NW72KJKE02E9S44B8Y", "incarnation_id": "i:///apis/apps/v1/namespaces/kube-system/deployments/coredns?gen=1", "entity_description": "deployment coredns", "incarnation_description": "deployment coredns"}') ON CONFLICT DO NOTHING;
INSERT INTO public.events VALUES ('01EJE649MRPC9YNCNZT9V7JHFD', 'p', 1, '2020-09-17 14:05:12.219062+00', '2020-09-17 14:06:11.611202+00', '2020-09-17 14:05:12.216931+00', 'EventExecutionBegins', '{"parent_id": "ex://kube-DeploymentController-worker-01EJE645ZHBGMEF8RCXY1AXD3N", "timestamp": "2020-09-17T14:05:12.216930653Z", "event_ulid": "01EJE649MRPC9YNCNZT9V7JHFD", "description": "kube DC process one", "execution_id": "ex://kube-DeploymentController-worker-processNextWorkItem-01EJE649MRPC9YNCNZT9NKHRPZ"}') ON CONFLICT DO NOTHING;
INSERT INTO public.events VALUES ('01EJE649P0WA40A0HT8ACNNM5Z', 'p', 1, '2020-09-17 14:05:12.261815+00', '2020-09-17 14:06:11.625345+00', '2020-09-17 14:05:12.25706+00', 'EventExecutionEnds', '{"timestamp": "2020-09-17T14:05:12.257059775Z", "event_ulid": "01EJE649P0WA40A0HT8ACNNM5Z", "execution_id": "ex://kube-DeploymentController-worker-processNextWorkItem-01EJE649MRPC9YNCNZT9NKHRPZ"}') ON CONFLICT DO NOTHING;
INSERT INTO public.events VALUES ('01EJE649RZKVFXVBXGCVA3Q3Z2', 'p', 1, '2020-09-17 14:05:12.354224+00', '2020-09-17 14:06:11.641726+00', '2020-09-17 14:05:12.352016+00', 'EventExecutionBegins', '{"parent_id": "ex://kube-DeploymentController-worker-01EJE645ZGAKENAZJ2BHTCNEE2", "timestamp": "2020-09-17T14:05:12.352016257Z", "event_ulid": "01EJE649RZKVFXVBXGCVA3Q3Z2", "description": "kube DC process one", "execution_id": "ex://kube-DeploymentController-worker-processNextWorkItem-01EJE649RZKVFXVBXGCQAY004N"}') ON CONFLICT DO NOTHING;
INSERT INTO public.events VALUES ('01EJE649SQSW73R0H405SJRPS7', 'p', 1, '2020-09-17 14:05:12.376238+00', '2020-09-17 14:06:11.651166+00', '2020-09-17 14:05:12.375619+00', 'EventExecutionEnds', '{"timestamp": "2020-09-17T14:05:12.375619257Z", "event_ulid": "01EJE649SQSW73R0H405SJRPS7", "execution_id": "ex://kube-DeploymentController-worker-processNextWorkItem-01EJE649RZKVFXVBXGCQAY004N"}') ON CONFLICT DO NOTHING;
INSERT INTO public.events VALUES ('01EJE64FXEKZJDDMS9TAQYPVHC', 'p', 1, '2020-09-17 14:05:18.642246+00', '2020-09-17 14:06:11.666468+00', '2020-09-17 14:05:18.63887+00', 'EventExecutionBegins', '{"parent_id": "ex://kube-DeploymentController-worker-01EJE645ZHBGMEF8RCY2YCXK6J", "timestamp": "2020-09-17T14:05:18.638870312Z", "event_ulid": "01EJE64FXEKZJDDMS9TAQYPVHC", "description": "kube DC process one", "execution_id": "ex://kube-DeploymentController-worker-processNextWorkItem-01EJE64FXEKZJDDMS9T9BKHZX8"}') ON CONFLICT DO NOTHING;
INSERT INTO public.events VALUES ('01EJE64FYYHRM8C164FX75T38W', 'p', 1, '2020-09-17 14:05:18.689708+00', '2020-09-17 14:06:11.67501+00', '2020-09-17 14:05:18.687514+00', 'EventExecutionEnds', '{"timestamp": "2020-09-17T14:05:18.687514483Z", "event_ulid": "01EJE64FYYHRM8C164FX75T38W", "execution_id": "ex://kube-DeploymentController-worker-processNextWorkItem-01EJE64FXEKZJDDMS9T9BKHZX8"}') ON CONFLICT DO NOTHING;
INSERT INTO public.events VALUES ('01EJE64G3F8ETJT05SYX9GSPRB', 'p', 1, '2020-09-17 14:05:18.834252+00', '2020-09-17 14:06:11.690973+00', '2020-09-17 14:05:18.831187+00', 'EventExecutionBegins', '{"parent_id": "ex://kube-DeploymentController-worker-01EJE645ZHBGMEF8RCXZ3T6F4G", "timestamp": "2020-09-17T14:05:18.831186933Z", "event_ulid": "01EJE64G3F8ETJT05SYX9GSPRB", "description": "kube DC process one", "execution_id": "ex://kube-DeploymentController-worker-processNextWorkItem-01EJE64G3ENCN6NCYYBFZFMDTR"}') ON CONFLICT DO NOTHING;
INSERT INTO public.events VALUES ('01EJE64G46FFSZ8E6963WDWQMH', 'p', 1, '2020-09-17 14:05:18.856291+00', '2020-09-17 14:06:11.70212+00', '2020-09-17 14:05:18.854553+00', 'EventExecutionEnds', '{"timestamp": "2020-09-17T14:05:18.854552752Z", "event_ulid": "01EJE64G46FFSZ8E6963WDWQMH", "execution_id": "ex://kube-DeploymentController-worker-processNextWorkItem-01EJE64G3ENCN6NCYYBFZFMDTR"}') ON CONFLICT DO NOTHING;
INSERT INTO public.events VALUES ('01EJE64H7ERMYC26MX56TJ3B2B', 'p', 1, '2020-09-17 14:05:19.987894+00', '2020-09-17 14:06:11.712768+00', '2020-09-17 14:05:19.98274+00', 'EventExecutionBegins', '{"parent_id": "ex://kube-DeploymentController-worker-01EJE645ZKWP5W0BEA1TDGKE3D", "timestamp": "2020-09-17T14:05:19.982740273Z", "event_ulid": "01EJE64H7ERMYC26MX56TJ3B2B", "description": "kube DC process one", "execution_id": "ex://kube-DeploymentController-worker-processNextWorkItem-01EJE64H7ERMYC26MX535GVS7D"}') ON CONFLICT DO NOTHING;
INSERT INTO public.events VALUES ('01EJE64HBTR58XTT15QWVCTBX2', 'p', 1, '2020-09-17 14:05:20.128037+00', '2020-09-17 14:06:11.718144+00', '2020-09-17 14:05:20.122716+00', 'EventExecutionEnds', '{"timestamp": "2020-09-17T14:05:20.122716163Z", "event_ulid": "01EJE64HBTR58XTT15QWVCTBX2", "execution_id": "ex://kube-DeploymentController-worker-processNextWorkItem-01EJE64H7ERMYC26MX535GVS7D"}') ON CONFLICT DO NOTHING;
INSERT INTO public.events VALUES ('01EJE64FYE56R77KAQNN8CNNZB', 'p', 1, '2020-09-17 14:05:18.673327+00', '2020-09-17 14:06:11.824295+00', '2020-09-17 14:05:18.670208+00', 'EventOperation', '{"type": "r", "entity_id": "en:///apis/apps/v1/namespaces/kube-system/deployments/coredns", "timestamp": "2020-09-17T14:05:18.670208373Z", "event_ulid": "01EJE64FYE56R77KAQNN8CNNZB", "execution_id": "ex://kube-DeploymentController-worker-processNextWorkItem-01EJE64FXEKZJDDMS9T9BKHZX8", "operation_id": "01EJE64FYE56R77KAQNN8CNNZB", "incarnation_id": "i:///apis/apps/v1/namespaces/kube-system/deployments/coredns?gen=1", "entity_description": "deployment coredns", "incarnation_description": "deployment coredns"}') ON CONFLICT DO NOTHING;
INSERT INTO public.events VALUES ('01EJE648NGB1W3DMCMDATPYEA8', 'p', 1, '2020-09-17 14:05:11.221993+00', '2020-09-17 14:06:11.730316+00', '2020-09-17 14:05:11.216048+00', 'EventExecutionBegins', '{"parent_id": "ex://kube-DeploymentController-worker-01EJE645ZHBGMEF8RCY2YCXK6J", "timestamp": "2020-09-17T14:05:11.216047859Z", "event_ulid": "01EJE648NGB1W3DMCMDATPYEA8", "description": "kube DC process one", "execution_id": "ex://kube-DeploymentController-worker-processNextWorkItem-01EJE648NF4KTS29VG950F1H8J"}') ON CONFLICT DO NOTHING;
INSERT INTO public.events VALUES ('01EJE648P60X59YBDSSPSFA1Q2', 'p', 1, '2020-09-17 14:05:11.243915+00', '2020-09-17 14:06:11.736106+00', '2020-09-17 14:05:11.238954+00', 'EventExecutionEnds', '{"timestamp": "2020-09-17T14:05:11.238954401Z", "event_ulid": "01EJE648P60X59YBDSSPSFA1Q2", "execution_id": "ex://kube-DeploymentController-worker-processNextWorkItem-01EJE648NF4KTS29VG950F1H8J"}') ON CONFLICT DO NOTHING;
INSERT INTO public.events VALUES ('01EJE649N9EPA4G99KA95KRBKE', 'p', 1, '2020-09-17 14:05:12.235225+00', '2020-09-17 14:06:11.742383+00', '2020-09-17 14:05:12.233815+00', 'EventOperation', '{"type": "r", "entity_id": "en:///apis/apps/v1/namespaces/kube-system/deployments/coredns", "timestamp": "2020-09-17T14:05:12.233814921Z", "event_ulid": "01EJE649N9EPA4G99KA95KRBKE", "execution_id": "ex://kube-DeploymentController-worker-processNextWorkItem-01EJE649MRPC9YNCNZT9NKHRPZ", "operation_id": "01EJE649N9EPA4G99KA95KRBKE", "incarnation_id": "i:///apis/apps/v1/namespaces/kube-system/deployments/coredns?gen=1", "entity_description": "deployment coredns", "incarnation_description": "deployment coredns"}') ON CONFLICT DO NOTHING;
INSERT INTO public.events VALUES ('01EJE649PQF57SAECBS7QGXT41', 'p', 1, '2020-09-17 14:05:12.283204+00', '2020-09-17 14:06:11.74808+00', '2020-09-17 14:05:12.279562+00', 'EventExecutionBegins', '{"parent_id": "ex://kube-DeploymentController-worker-01EJE645ZHBGMEF8RCXZ3T6F4G", "timestamp": "2020-09-17T14:05:12.279561797Z", "event_ulid": "01EJE649PQF57SAECBS7QGXT41", "description": "kube DC process one", "execution_id": "ex://kube-DeploymentController-worker-processNextWorkItem-01EJE649PQF57SAECBS5JDZ7PT"}') ON CONFLICT DO NOTHING;
INSERT INTO public.events VALUES ('01EJE649RXENVDN2EK7BHXZ0KT', 'p', 1, '2020-09-17 14:05:12.352014+00', '2020-09-17 14:06:11.753808+00', '2020-09-17 14:05:12.350025+00', 'EventExecutionEnds', '{"timestamp": "2020-09-17T14:05:12.350024942Z", "event_ulid": "01EJE649RXENVDN2EK7BHXZ0KT", "execution_id": "ex://kube-DeploymentController-worker-processNextWorkItem-01EJE649PQF57SAECBS5JDZ7PT"}') ON CONFLICT DO NOTHING;
INSERT INTO public.events VALUES ('01EJE649SE4VA3MGAV8K3T9AF4', 'p', 1, '2020-09-17 14:05:12.369529+00', '2020-09-17 14:06:11.759805+00', '2020-09-17 14:05:12.367116+00', 'EventOperation', '{"type": "r", "entity_id": "en:///apis/apps/v1/namespaces/kube-system/deployments/coredns", "timestamp": "2020-09-17T14:05:12.367115662Z", "event_ulid": "01EJE649SE4VA3MGAV8K3T9AF4", "execution_id": "ex://kube-DeploymentController-worker-processNextWorkItem-01EJE649RZKVFXVBXGCQAY004N", "operation_id": "01EJE649SE4VA3MGAV8K3T9AF4", "incarnation_id": "i:///apis/apps/v1/namespaces/kube-system/deployments/coredns?gen=1", "entity_description": "deployment coredns", "incarnation_description": "deployment coredns"}') ON CONFLICT DO NOTHING;
INSERT INTO public.events VALUES ('01EJE64F0GZR453GWVWMS6VKT0', 'p', 1, '2020-09-17 14:05:17.715078+00', '2020-09-17 14:06:11.770939+00', '2020-09-17 14:05:17.712691+00', 'EventExecutionBegins', '{"timestamp": "2020-09-17T14:05:17.712691426Z", "event_ulid": "01EJE64F0GZR453GWVWMS6VKT0", "description": "kubectl apply", "execution_id": "ex://kubectl-apply-01EJE64F0GZR453GWVWMBVWE8Q"}') ON CONFLICT DO NOTHING;
INSERT INTO public.events VALUES ('01EJE64FD0Y3AJ0XFKAMFFS7PN', 'p', 1, '2020-09-17 14:05:18.116266+00', '2020-09-17 14:06:11.78144+00', '2020-09-17 14:05:18.113019+00', 'EventExecutionBegins', '{"parent_id": "ex://kubectl-apply-01EJE64F0GZR453GWVWMBVWE8Q", "timestamp": "2020-09-17T14:05:18.113019401Z", "event_ulid": "01EJE64FD0Y3AJ0XFKAMFFS7PN", "description": "kubectl apply resource building", "execution_id": "ex://kubectl-apply-builder-01EJE64FD0Y3AJ0XFKAJT42B1T"}') ON CONFLICT DO NOTHING;
INSERT INTO public.events VALUES ('01EJE64FG345M6WHZE0X5WH4QD', 'p', 1, '2020-09-17 14:05:18.213015+00', '2020-09-17 14:06:11.803319+00', '2020-09-17 14:05:18.211557+00', 'EventExecutionBegins', '{"parent_id": "ex://kube-DeploymentController-worker-01EJE645ZKWP5W0BEA1TDGKE3D", "timestamp": "2020-09-17T14:05:18.211556505Z", "event_ulid": "01EJE64FG345M6WHZE0X5WH4QD", "description": "kube DC process one", "execution_id": "ex://kube-DeploymentController-worker-processNextWorkItem-01EJE64FG345M6WHZE0WWRZT8N"}') ON CONFLICT DO NOTHING;
INSERT INTO public.events VALUES ('01EJE64FXEKZJDDMS9T5WHAT58', 'p', 1, '2020-09-17 14:05:18.639831+00', '2020-09-17 14:06:11.813638+00', '2020-09-17 14:05:18.638662+00', 'EventExecutionEnds', '{"timestamp": "2020-09-17T14:05:18.638662185Z", "event_ulid": "01EJE64FXEKZJDDMS9T5WHAT58", "execution_id": "ex://kube-DeploymentController-worker-processNextWorkItem-01EJE64FG345M6WHZE0WWRZT8N"}') ON CONFLICT DO NOTHING;
INSERT INTO public.events VALUES ('01EJE64G0ZP4ENCRMN9GGJS39F', 'p', 1, '2020-09-17 14:05:18.753844+00', '2020-09-17 14:06:11.835248+00', '2020-09-17 14:05:18.751217+00', 'EventExecutionBegins', '{"parent_id": "ex://kube-DeploymentController-worker-01EJE645ZHBGMEF8RCXY1AXD3N", "timestamp": "2020-09-17T14:05:18.751216993Z", "event_ulid": "01EJE64G0ZP4ENCRMN9GGJS39F", "description": "kube DC process one", "execution_id": "ex://kube-DeploymentController-worker-processNextWorkItem-01EJE64G0ZP4ENCRMN9G4TRZ0W"}') ON CONFLICT DO NOTHING;
INSERT INTO public.events VALUES ('01EJE64G3ABPEGGCJ4XYN5Z914', 'p', 1, '2020-09-17 14:05:18.829077+00', '2020-09-17 14:06:11.855014+00', '2020-09-17 14:05:18.82637+00', 'EventExecutionEnds', '{"timestamp": "2020-09-17T14:05:18.826369561Z", "event_ulid": "01EJE64G3ABPEGGCJ4XYN5Z914", "execution_id": "ex://kube-DeploymentController-worker-processNextWorkItem-01EJE64G0ZP4ENCRMN9G4TRZ0W"}') ON CONFLICT DO NOTHING;
INSERT INTO public.events VALUES ('01EJE64G3WRF3S1NB9MSSCM4D2', 'p', 1, '2020-09-17 14:05:18.847306+00', '2020-09-17 14:06:11.863948+00', '2020-09-17 14:05:18.844938+00', 'EventOperation', '{"type": "r", "entity_id": "en:///apis/apps/v1/namespaces/kube-system/deployments/coredns", "timestamp": "2020-09-17T14:05:18.844938401Z", "event_ulid": "01EJE64G3WRF3S1NB9MSSCM4D2", "execution_id": "ex://kube-DeploymentController-worker-processNextWorkItem-01EJE64G3ENCN6NCYYBFZFMDTR", "operation_id": "01EJE64G3WRF3S1NB9MSSCM4D2", "incarnation_id": "i:///apis/apps/v1/namespaces/kube-system/deployments/coredns?gen=1", "entity_description": "deployment coredns", "incarnation_description": "deployment coredns"}') ON CONFLICT DO NOTHING;
INSERT INTO public.events VALUES ('01EJE64WT9V29PT18YS101DE82', 'p', 2, '2020-09-17 14:05:31.853723+00', '2020-09-17 14:06:18.938107+00', '2020-09-17 14:05:31.849376+00', 'EventExecutionEnds', '{"timestamp": "2020-09-17T14:05:31.849375556Z", "event_ulid": "01EJE64WT9V29PT18YS101DE82", "execution_id": "ex://kube-DeploymentController-worker-processNextWorkItem-01EJE64WQV84ZJHY14GE1F8VVH"}') ON CONFLICT DO NOTHING;
INSERT INTO public.events VALUES ('01EJE648MA462ZPPRBP0ET2H60', 'p', 1, '2020-09-17 14:05:11.180278+00', '2020-09-17 14:06:11.572273+00', '2020-09-17 14:05:11.178881+00', 'EventOperation', '{"type": "r", "entity_id": "en:///apis/apps/v1/namespaces/kube-system/deployments/coredns", "timestamp": "2020-09-17T14:05:11.178881403Z", "event_ulid": "01EJE648MA462ZPPRBP0ET2H60", "execution_id": "ex://kube-DeploymentController-worker-processNextWorkItem-01EJE648KGBC89JDWJM7CW7CZY", "operation_id": "01EJE648MA462ZPPRBP0ET2H60", "incarnation_id": "i:///apis/apps/v1/namespaces/kube-system/deployments/coredns?gen=1", "entity_description": "deployment coredns", "incarnation_description": "deployment coredns"}') ON CONFLICT DO NOTHING;
INSERT INTO public.events VALUES ('01EJE64J2KHRDBDBWF30MKWAPT', 'p', 2, '2020-09-17 14:05:20.855143+00', '2020-09-17 14:06:18.943185+00', '2020-09-17 14:05:20.851427+00', 'EventExecutionEnds', '{"timestamp": "2020-09-17T14:05:20.851427215Z", "event_ulid": "01EJE64J2KHRDBDBWF30MKWAPT", "execution_id": "ex://kubectl-apply-one-01EJE64HA0HZ8RH0V9915XRS90"}') ON CONFLICT DO NOTHING;
INSERT INTO public.events VALUES ('01EJE64GZVYA5B4RH227GV2VCR', 'p', 1, '2020-09-17 14:05:19.742109+00', '2020-09-17 14:06:11.879006+00', '2020-09-17 14:05:19.739719+00', 'EventOperation', '{"type": "w", "entity_id": "en://in-memory-/apis/apps/v1/namespaces/default/deployments/nginx", "timestamp": "2020-09-17T14:05:19.739719442Z", "event_ulid": "01EJE64GZVYA5B4RH227GV2VCR", "execution_id": "ex://kubectl-apply-builder-01EJE64FD0Y3AJ0XFKAJT42B1T", "operation_id": "01EJE64GZVYA5B4RH227GV2VCR", "incarnation_id": "i://in-memory-/apis/apps/v1/namespaces/default/deployments/nginx?ulid=01EJE64GZVYA5B4RH225HSW2V5", "entity_description": "in-memory resource /apis/apps/v1/namespaces/default/deployments/nginx", "incarnation_description": "in-memory resource /apis/apps/v1/namespaces/default/deployments/nginx"}') ON CONFLICT DO NOTHING;
INSERT INTO public.events VALUES ('01EJE64H198B667GRWTH13DCEB', 'p', 1, '2020-09-17 14:05:19.787757+00', '2020-09-17 14:06:11.928933+00', '2020-09-17 14:05:19.785186+00', 'EventExecutionBegins', '{"parent_id": "ex://kubectl-apply-01EJE64F0GZR453GWVWMBVWE8Q", "timestamp": "2020-09-17T14:05:19.785186394Z", "event_ulid": "01EJE64H198B667GRWTH13DCEB", "description": "kubectl apply one", "execution_id": "ex://kubectl-apply-one-01EJE64H198B667GRWTDR2D1BQ"}') ON CONFLICT DO NOTHING;
INSERT INTO public.events VALUES ('01EJE64H0H299GQ9ZX610YQFFZ', 'p', 1, '2020-09-17 14:05:19.764986+00', '2020-09-17 14:06:11.906598+00', '2020-09-17 14:05:19.7617+00', 'EventOperation', '{"type": "w", "entity_id": "en://in-memory-https://192.168.1.1/api/v1/namespaces/default/configmaps/nginx-static", "timestamp": "2020-09-17T14:05:19.76169961Z", "event_ulid": "01EJE64H0H299GQ9ZX610YQFFZ", "execution_id": "ex://kubectl-apply-builder-01EJE64FD0Y3AJ0XFKAJT42B1T", "operation_id": "01EJE64H0H299GQ9ZX610YQFFZ", "incarnation_id": "i://in-memory-https://192.168.1.1/api/v1/namespaces/default/configmaps/nginx-static?ulid=01EJE64H0H299GQ9ZX5ZCX35FC", "entity_description": "in-memory resource https://192.168.1.1/api/v1/namespaces/default/configmaps/nginx-static", "incarnation_description": "in-memory resource https://192.168.1.1/api/v1/namespaces/default/configmaps/nginx-static"}') ON CONFLICT DO NOTHING;
INSERT INTO public.events VALUES ('01EJE64H0TKVQZMS8NEQFE6BD0', 'p', 1, '2020-09-17 14:05:19.772957+00', '2020-09-17 14:06:11.914719+00', '2020-09-17 14:05:19.770821+00', 'EventOperation', '{"type": "w", "entity_id": "en://in-memory-https://192.168.1.1/api/v1/namespaces/default/services/nginx", "timestamp": "2020-09-17T14:05:19.77082116Z", "event_ulid": "01EJE64H0TKVQZMS8NEQFE6BD0", "execution_id": "ex://kubectl-apply-builder-01EJE64FD0Y3AJ0XFKAJT42B1T", "operation_id": "01EJE64H0TKVQZMS8NEQFE6BD0", "incarnation_id": "i://in-memory-https://192.168.1.1/api/v1/namespaces/default/services/nginx?ulid=01EJE64H0TKVQZMS8NENEXNRWZ", "entity_description": "in-memory resource https://192.168.1.1/api/v1/namespaces/default/services/nginx", "incarnation_description": "in-memory resource https://192.168.1.1/api/v1/namespaces/default/services/nginx"}') ON CONFLICT DO NOTHING;
INSERT INTO public.events VALUES ('01EJE64H10Z9475SKN8Y368XHR', 'p', 1, '2020-09-17 14:05:19.780319+00', '2020-09-17 14:06:11.923504+00', '2020-09-17 14:05:19.777047+00', 'EventExecutionEnds', '{"timestamp": "2020-09-17T14:05:19.777046812Z", "event_ulid": "01EJE64H10Z9475SKN8Y368XHR", "execution_id": "ex://kubectl-apply-builder-01EJE64FD0Y3AJ0XFKAJT42B1T"}') ON CONFLICT DO NOTHING;
INSERT INTO public.events VALUES ('01EJE64H1HFCYJDKPXADJE6A8B', 'p', 1, '2020-09-17 14:05:19.796634+00', '2020-09-17 14:06:11.934274+00', '2020-09-17 14:05:19.794085+00', 'EventOperation', '{"type": "r", "entity_id": "en://in-memory-/apis/apps/v1/namespaces/default/deployments/nginx", "timestamp": "2020-09-17T14:05:19.794085011Z", "event_ulid": "01EJE64H1HFCYJDKPXADJE6A8B", "execution_id": "ex://kubectl-apply-one-01EJE64H198B667GRWTDR2D1BQ", "operation_id": "01EJE64H1HFCYJDKPXADJE6A8B", "incarnation_id": "i://in-memory-/apis/apps/v1/namespaces/default/deployments/nginx?ulid=01EJE64GZVYA5B4RH225HSW2V5", "entity_description": "in-memory resource /apis/apps/v1/namespaces/default/deployments/nginx", "incarnation_description": "in-memory resource /apis/apps/v1/namespaces/default/deployments/nginx"}') ON CONFLICT DO NOTHING;
INSERT INTO public.events VALUES ('01EJE64HA0HZ8RH0V991CH2RNH', 'p', 1, '2020-09-17 14:05:20.075746+00', '2020-09-17 14:06:11.958697+00', '2020-09-17 14:05:20.064746+00', 'EventExecutionBegins', '{"parent_id": "ex://kubectl-apply-01EJE64F0GZR453GWVWMBVWE8Q", "timestamp": "2020-09-17T14:05:20.064746226Z", "event_ulid": "01EJE64HA0HZ8RH0V991CH2RNH", "description": "kubectl apply one", "execution_id": "ex://kubectl-apply-one-01EJE64HA0HZ8RH0V9915XRS90"}') ON CONFLICT DO NOTHING;
INSERT INTO public.events VALUES ('01EJE64H2AKC0YTQXZW4AH7W9Q', 'p', 1, '2020-09-17 14:05:19.821257+00', '2020-09-17 14:06:11.940409+00', '2020-09-17 14:05:19.818674+00', 'EventOperation', '{"type": "r", "entity_id": "en:///apis/apps/v1/namespaces/default/deployments/nginx", "timestamp": "2020-09-17T14:05:19.81867389Z", "event_ulid": "01EJE64H2AKC0YTQXZW4AH7W9Q", "execution_id": "ex://kubectl-apply-one-01EJE64H198B667GRWTDR2D1BQ", "operation_id": "01EJE64H2AKC0YTQXZW4AH7W9Q", "incarnation_id": "i:///apis/apps/v1/namespaces/default/deployments/nginx?ulid=01EJE64H1R5ADMET2MNQAPG8MR", "entity_description": "resource deployments/nginx", "incarnation_description": "resource deployments/nginx"}') ON CONFLICT DO NOTHING;
INSERT INTO public.events VALUES ('01EJE64H39ZMZCKWEYG5YEVNAJ', 'p', 1, '2020-09-17 14:05:19.85173+00', '2020-09-17 14:06:11.9469+00', '2020-09-17 14:05:19.850004+00', 'EventOperation', '{"type": "w", "entity_id": "en:///apis/apps/v1/namespaces/default/deployments/nginx", "timestamp": "2020-09-17T14:05:19.85000357Z", "event_ulid": "01EJE64H39ZMZCKWEYG5YEVNAJ", "execution_id": "ex://kubectl-apply-one-01EJE64H198B667GRWTDR2D1BQ", "operation_id": "01EJE64H39ZMZCKWEYG5YEVNAJ", "incarnation_id": "i:///apis/apps/v1/namespaces/default/deployments/nginx?ulid=01EJE64H39ZMZCKWEYG42YVGSE", "entity_description": "resource deployments/nginx", "incarnation_description": "resource deployments/nginx"}') ON CONFLICT DO NOTHING;
INSERT INTO public.events VALUES ('01EJE64H3GKGVMH2YQQTZ94AC0', 'p', 1, '2020-09-17 14:05:19.857326+00', '2020-09-17 14:06:11.953031+00', '2020-09-17 14:05:19.856202+00', 'EventExecutionEnds', '{"timestamp": "2020-09-17T14:05:19.856201844Z", "event_ulid": "01EJE64H3GKGVMH2YQQTZ94AC0", "execution_id": "ex://kubectl-apply-one-01EJE64H198B667GRWTDR2D1BQ"}') ON CONFLICT DO NOTHING;
INSERT INTO public.events VALUES ('01EJE64HD26PC1H4SZGEX4XBJK', 'p', 1, '2020-09-17 14:05:20.350279+00', '2020-09-17 14:06:11.971249+00', '2020-09-17 14:05:20.162058+00', 'EventOperation', '{"type": "r", "entity_id": "en://https://192.168.1.1/api/v1/namespaces/default/configmaps/nginx-config", "timestamp": "2020-09-17T14:05:20.162057756Z", "event_ulid": "01EJE64HD26PC1H4SZGEX4XBJK", "execution_id": "ex://kubectl-apply-one-01EJE64HA0HZ8RH0V9915XRS90", "operation_id": "01EJE64HD26PC1H4SZGEX4XBJK", "incarnation_id": "i://https://192.168.1.1/api/v1/namespaces/default/configmaps/nginx-config?ulid=01EJE64HC2PGMTTNJFBD11F9SQ", "entity_description": "resource configmaps/nginx-config", "incarnation_description": "resource configmaps/nginx-config"}') ON CONFLICT DO NOTHING;
INSERT INTO public.events VALUES ('01EJE64HRM5ZQH6Y2V435JEWNK', 'p', 1, '2020-09-17 14:05:20.833589+00', '2020-09-17 14:06:11.978096+00', '2020-09-17 14:05:20.5323+00', 'EventOperation', '{"type": "w", "entity_id": "en://https://192.168.1.1/api/v1/namespaces/default/configmaps/nginx-config", "timestamp": "2020-09-17T14:05:20.532299504Z", "event_ulid": "01EJE64HRM5ZQH6Y2V435JEWNK", "execution_id": "ex://kubectl-apply-one-01EJE64HA0HZ8RH0V9915XRS90", "operation_id": "01EJE64HRM5ZQH6Y2V435JEWNK", "incarnation_id": "i://https://192.168.1.1/api/v1/namespaces/default/configmaps/nginx-config?ulid=01EJE64HRM5ZQH6Y2V42QASTQV", "entity_description": "resource configmaps/nginx-config", "incarnation_description": "resource configmaps/nginx-config"}') ON CONFLICT DO NOTHING;
INSERT INTO public.events VALUES ('01EJE64H37WEY58MBMXCDSB83K', 'p', 1, '2020-09-17 14:05:19.850089+00', '2020-09-17 14:06:11.984476+00', '2020-09-17 14:05:19.848019+00', 'EventExecutionBegins', '{"parent_id": "ex://kube-DeploymentController-worker-01EJE645ZGAKENAZJ2BHTCNEE2", "timestamp": "2020-09-17T14:05:19.84801896Z", "event_ulid": "01EJE64H37WEY58MBMXCDSB83K", "description": "kube DC process one", "execution_id": "ex://kube-DeploymentController-worker-processNextWorkItem-01EJE64H37WEY58MBMX8H5MWRN"}') ON CONFLICT DO NOTHING;
INSERT INTO public.events VALUES ('01EJE64H7ERMYC26MX4ZFBS948', 'p', 1, '2020-09-17 14:05:19.98403+00', '2020-09-17 14:06:11.989797+00', '2020-09-17 14:05:19.982409+00', 'EventExecutionEnds', '{"timestamp": "2020-09-17T14:05:19.982409225Z", "event_ulid": "01EJE64H7ERMYC26MX4ZFBS948", "execution_id": "ex://kube-DeploymentController-worker-processNextWorkItem-01EJE64H37WEY58MBMX8H5MWRN"}') ON CONFLICT DO NOTHING;
INSERT INTO public.events VALUES ('01EJE64H86ZT28B4Z87QDXD7Y9', 'p', 1, '2020-09-17 14:05:20.013084+00', '2020-09-17 14:06:11.995889+00', '2020-09-17 14:05:20.006292+00', 'EventOperation', '{"type": "r", "entity_id": "en:///apis/apps/v1/namespaces/default/deployments/nginx", "timestamp": "2020-09-17T14:05:20.00629159Z", "event_ulid": "01EJE64H86ZT28B4Z87QDXD7Y9", "execution_id": "ex://kube-DeploymentController-worker-processNextWorkItem-01EJE64H7ERMYC26MX535GVS7D", "operation_id": "01EJE64H86ZT28B4Z87QDXD7Y9", "incarnation_id": "i:///apis/apps/v1/namespaces/default/deployments/nginx?gen=1", "entity_description": "deployment nginx", "incarnation_description": "deployment nginx"}') ON CONFLICT DO NOTHING;
INSERT INTO public.events VALUES ('01EJE64HBVA0KAFZ1W0H2TGSGJ', 'p', 1, '2020-09-17 14:05:20.132851+00', '2020-09-17 14:06:12.002653+00', '2020-09-17 14:05:20.124071+00', 'EventExecutionBegins', '{"parent_id": "ex://kube-DeploymentController-worker-01EJE645ZHBGMEF8RCY2YCXK6J", "timestamp": "2020-09-17T14:05:20.124071364Z", "event_ulid": "01EJE64HBVA0KAFZ1W0H2TGSGJ", "description": "kube DC process one", "execution_id": "ex://kube-DeploymentController-worker-processNextWorkItem-01EJE64HBVA0KAFZ1W0FR9TENT"}') ON CONFLICT DO NOTHING;
INSERT INTO public.events VALUES ('01EJE64HDZ206953TTFYZ2KK2N', 'p', 1, '2020-09-17 14:05:20.197025+00', '2020-09-17 14:06:12.008316+00', '2020-09-17 14:05:20.191931+00', 'EventExecutionEnds', '{"timestamp": "2020-09-17T14:05:20.191930826Z", "event_ulid": "01EJE64HDZ206953TTFYZ2KK2N", "execution_id": "ex://kube-DeploymentController-worker-processNextWorkItem-01EJE64HBVA0KAFZ1W0FR9TENT"}') ON CONFLICT DO NOTHING;
INSERT INTO public.events VALUES ('01EJE64HN9QQESDPR9EBEQ3M9R', 'p', 2, '2020-09-17 14:05:20.432527+00', '2020-09-17 14:06:18.948796+00', '2020-09-17 14:05:20.425928+00', 'EventOperation', '{"type": "r", "entity_id": "en:///apis/apps/v1/namespaces/default/deployments/nginx", "timestamp": "2020-09-17T14:05:20.425927884Z", "event_ulid": "01EJE64HN9QQESDPR9EBEQ3M9R", "execution_id": "ex://kube-DeploymentController-worker-processNextWorkItem-01EJE64HE3M4Q5CE0Y45MBWRZT", "operation_id": "01EJE64HN9QQESDPR9EBEQ3M9R", "incarnation_id": "i:///apis/apps/v1/namespaces/default/deployments/nginx?gen=1", "entity_description": "deployment nginx", "incarnation_description": "deployment nginx"}') ON CONFLICT DO NOTHING;
INSERT INTO public.events VALUES ('01EJE64HPE4K5Q2KJ7226HKEZW', 'p', 1, '2020-09-17 14:05:20.470646+00', '2020-09-17 14:06:12.019034+00', '2020-09-17 14:05:20.462925+00', 'EventExecutionBegins', '{"parent_id": "ex://kube-DeploymentController-worker-01EJE645ZHBGMEF8RCXZ3T6F4G", "timestamp": "2020-09-17T14:05:20.462924765Z", "event_ulid": "01EJE64HPE4K5Q2KJ7226HKEZW", "description": "kube DC process one", "execution_id": "ex://kube-DeploymentController-worker-processNextWorkItem-01EJE64HPE4K5Q2KJ721ERRDN5"}') ON CONFLICT DO NOTHING;
INSERT INTO public.events VALUES ('01EJE64HRF7DBSVMNJJ4JYN50J', 'p', 1, '2020-09-17 14:05:20.530543+00', '2020-09-17 14:06:12.024208+00', '2020-09-17 14:05:20.527647+00', 'EventExecutionEnds', '{"timestamp": "2020-09-17T14:05:20.527646678Z", "event_ulid": "01EJE64HRF7DBSVMNJJ4JYN50J", "execution_id": "ex://kube-DeploymentController-worker-processNextWorkItem-01EJE64HPE4K5Q2KJ721ERRDN5"}') ON CONFLICT DO NOTHING;
INSERT INTO public.events VALUES ('01EJE64S7NNAK617SXDP6PSQJF', 'p', 1, '2020-09-17 14:05:28.1863+00', '2020-09-17 14:06:12.047906+00', '2020-09-17 14:05:28.181937+00', 'EventExecutionBegins', '{"parent_id": "ex://kube-DeploymentController-worker-01EJE645ZHBGMEF8RCXY1AXD3N", "timestamp": "2020-09-17T14:05:28.181936538Z", "event_ulid": "01EJE64S7NNAK617SXDP6PSQJF", "description": "kube DC process one", "execution_id": "ex://kube-DeploymentController-worker-processNextWorkItem-01EJE64S7NNAK617SXDNJR0EXA"}') ON CONFLICT DO NOTHING;
INSERT INTO public.events VALUES ('01EJE64W24B9731FM6VR8N9FPX', 'p', 1, '2020-09-17 14:05:31.082725+00', '2020-09-17 14:06:12.059326+00', '2020-09-17 14:05:31.077091+00', 'EventExecutionBegins', '{"parent_id": "ex://kube-DeploymentController-worker-01EJE645ZGAKENAZJ2BHTCNEE2", "timestamp": "2020-09-17T14:05:31.077090531Z", "event_ulid": "01EJE64W24B9731FM6VR8N9FPX", "description": "kube DC process one", "execution_id": "ex://kube-DeploymentController-worker-processNextWorkItem-01EJE64W24B9731FM6VPT080RQ"}') ON CONFLICT DO NOTHING;
INSERT INTO public.events VALUES ('01EJE64W35S4V79B63G2F49W2M', 'p', 1, '2020-09-17 14:05:31.114518+00', '2020-09-17 14:06:12.065324+00', '2020-09-17 14:05:31.10995+00', 'EventExecutionEnds', '{"timestamp": "2020-09-17T14:05:31.109950294Z", "event_ulid": "01EJE64W35S4V79B63G2F49W2M", "execution_id": "ex://kube-DeploymentController-worker-processNextWorkItem-01EJE64W24B9731FM6VPT080RQ"}') ON CONFLICT DO NOTHING;
INSERT INTO public.events VALUES ('01EJE64WR9ZZAYBMZMR424ZDCZ', 'p', 2, '2020-09-17 14:05:31.789824+00', '2020-09-17 14:06:18.955752+00', '2020-09-17 14:05:31.785326+00', 'EventOperation', '{"type": "r", "entity_id": "en:///apis/apps/v1/namespaces/default/deployments/nginx", "timestamp": "2020-09-17T14:05:31.785325516Z", "event_ulid": "01EJE64WR9ZZAYBMZMR424ZDCZ", "execution_id": "ex://kube-DeploymentController-worker-processNextWorkItem-01EJE64WQV84ZJHY14GE1F8VVH", "operation_id": "01EJE64WR9ZZAYBMZMR424ZDCZ", "incarnation_id": "i:///apis/apps/v1/namespaces/default/deployments/nginx?gen=1", "entity_description": "deployment nginx", "incarnation_description": "deployment nginx"}') ON CONFLICT DO NOTHING;
INSERT INTO public.events VALUES ('01EJE64HE3M4Q5CE0Y45T5KGZH', 'p', 1, '2020-09-17 14:05:20.199188+00', '2020-09-17 14:06:12.076107+00', '2020-09-17 14:05:20.195687+00', 'EventExecutionBegins', '{"parent_id": "ex://kube-DeploymentController-worker-01EJE645ZHBGMEF8RCXY1AXD3N", "timestamp": "2020-09-17T14:05:20.19568717Z", "event_ulid": "01EJE64HE3M4Q5CE0Y45T5KGZH", "description": "kube DC process one", "execution_id": "ex://kube-DeploymentController-worker-processNextWorkItem-01EJE64HE3M4Q5CE0Y45MBWRZT"}') ON CONFLICT DO NOTHING;
INSERT INTO public.events VALUES ('01EJE64HNZYPG6MRV3BMD3T6RF', 'p', 1, '2020-09-17 14:05:20.454795+00', '2020-09-17 14:06:12.08138+00', '2020-09-17 14:05:20.447225+00', 'EventExecutionEnds', '{"timestamp": "2020-09-17T14:05:20.447225005Z", "event_ulid": "01EJE64HNZYPG6MRV3BMD3T6RF", "execution_id": "ex://kube-DeploymentController-worker-processNextWorkItem-01EJE64HE3M4Q5CE0Y45MBWRZT"}') ON CONFLICT DO NOTHING;
INSERT INTO public.events VALUES ('01EJE64HQE4V46EVKHV4WP9QND', 'p', 1, '2020-09-17 14:05:20.499758+00', '2020-09-17 14:06:12.087035+00', '2020-09-17 14:05:20.495082+00', 'EventOperation', '{"type": "r", "entity_id": "en:///apis/apps/v1/namespaces/default/deployments/nginx", "timestamp": "2020-09-17T14:05:20.495082204Z", "event_ulid": "01EJE64HQE4V46EVKHV4WP9QND", "execution_id": "ex://kube-DeploymentController-worker-processNextWorkItem-01EJE64HPE4K5Q2KJ721ERRDN5", "operation_id": "01EJE64HQE4V46EVKHV4WP9QND", "incarnation_id": "i:///apis/apps/v1/namespaces/default/deployments/nginx?gen=1", "entity_description": "deployment nginx", "incarnation_description": "deployment nginx"}') ON CONFLICT DO NOTHING;
INSERT INTO public.events VALUES ('01EJE64HTSXRSMBDZZZBQBKTHH', 'p', 1, '2020-09-17 14:05:20.60767+00', '2020-09-17 14:06:12.092482+00', '2020-09-17 14:05:20.601292+00', 'EventExecutionBegins', '{"parent_id": "ex://kube-DeploymentController-worker-01EJE645ZGAKENAZJ2BHTCNEE2", "timestamp": "2020-09-17T14:05:20.601292072Z", "event_ulid": "01EJE64HTSXRSMBDZZZBQBKTHH", "description": "kube DC process one", "execution_id": "ex://kube-DeploymentController-worker-processNextWorkItem-01EJE64HTSXRSMBDZZZBKS76NF"}') ON CONFLICT DO NOTHING;
INSERT INTO public.events VALUES ('01EJE64HZPA527901M1N3X0PGF', 'p', 1, '2020-09-17 14:05:20.770196+00', '2020-09-17 14:06:12.097643+00', '2020-09-17 14:05:20.760234+00', 'EventExecutionBegins', '{"parent_id": "ex://kube-DeploymentController-worker-01EJE645ZKWP5W0BEA1TDGKE3D", "timestamp": "2020-09-17T14:05:20.76023406Z", "event_ulid": "01EJE64HZPA527901M1N3X0PGF", "description": "kube DC process one", "execution_id": "ex://kube-DeploymentController-worker-processNextWorkItem-01EJE64HZPA527901M1JFD7WY5"}') ON CONFLICT DO NOTHING;
INSERT INTO public.events VALUES ('01EJE64J0HPWTGY5WYJYTMK21Q', 'p', 1, '2020-09-17 14:05:20.794089+00', '2020-09-17 14:06:12.103002+00', '2020-09-17 14:05:20.785866+00', 'EventOperation', '{"type": "r", "entity_id": "en:///apis/apps/v1/namespaces/default/deployments/nginx", "timestamp": "2020-09-17T14:05:20.78586553Z", "event_ulid": "01EJE64J0HPWTGY5WYJYTMK21Q", "execution_id": "ex://kube-DeploymentController-worker-processNextWorkItem-01EJE64HZPA527901M1JFD7WY5", "operation_id": "01EJE64J0HPWTGY5WYJYTMK21Q", "incarnation_id": "i:///apis/apps/v1/namespaces/default/deployments/nginx?gen=1", "entity_description": "deployment nginx", "incarnation_description": "deployment nginx"}') ON CONFLICT DO NOTHING;
INSERT INTO public.events VALUES ('01EJE64S1ACRWA8B9KS08YE0N6', 'p', 1, '2020-09-17 14:05:28.024019+00', '2020-09-17 14:06:12.10932+00', '2020-09-17 14:05:27.978411+00', 'EventExecutionBegins', '{"parent_id": "ex://kube-DeploymentController-worker-01EJE645ZHBGMEF8RCY2YCXK6J", "timestamp": "2020-09-17T14:05:27.978410951Z", "event_ulid": "01EJE64S1ACRWA8B9KS08YE0N6", "description": "kube DC process one", "execution_id": "ex://kube-DeploymentController-worker-processNextWorkItem-01EJE64S1ACRWA8B9KRZ6CKC19"}') ON CONFLICT DO NOTHING;
INSERT INTO public.events VALUES ('01EJE64S7M1ZP5JKWR9FNKCTGX', 'p', 1, '2020-09-17 14:05:28.185563+00', '2020-09-17 14:06:12.116151+00', '2020-09-17 14:05:28.180804+00', 'EventExecutionEnds', '{"timestamp": "2020-09-17T14:05:28.180804272Z", "event_ulid": "01EJE64S7M1ZP5JKWR9FNKCTGX", "execution_id": "ex://kube-DeploymentController-worker-processNextWorkItem-01EJE64S1ACRWA8B9KRZ6CKC19"}') ON CONFLICT DO NOTHING;
INSERT INTO public.events VALUES ('01EJE64S8B39CR0TRN009A1P62', 'p', 1, '2020-09-17 14:05:28.21326+00', '2020-09-17 14:06:12.124545+00', '2020-09-17 14:05:28.203864+00', 'EventOperation', '{"type": "r", "entity_id": "en:///apis/apps/v1/namespaces/default/deployments/nginx", "timestamp": "2020-09-17T14:05:28.203864465Z", "event_ulid": "01EJE64S8B39CR0TRN009A1P62", "execution_id": "ex://kube-DeploymentController-worker-processNextWorkItem-01EJE64S7NNAK617SXDNJR0EXA", "operation_id": "01EJE64S8B39CR0TRN009A1P62", "incarnation_id": "i:///apis/apps/v1/namespaces/default/deployments/nginx?gen=1", "entity_description": "deployment nginx", "incarnation_description": "deployment nginx"}') ON CONFLICT DO NOTHING;
INSERT INTO public.events VALUES ('01EJE64VMPVBA3TQVYXEBPYJD2', 'p', 1, '2020-09-17 14:05:30.648974+00', '2020-09-17 14:06:12.133982+00', '2020-09-17 14:05:30.646524+00', 'EventExecutionBegins', '{"parent_id": "ex://kube-DeploymentController-worker-01EJE645ZHBGMEF8RCXZ3T6F4G", "timestamp": "2020-09-17T14:05:30.646523797Z", "event_ulid": "01EJE64VMPVBA3TQVYXEBPYJD2", "description": "kube DC process one", "execution_id": "ex://kube-DeploymentController-worker-processNextWorkItem-01EJE64VMPVBA3TQVYXBYWMK0S"}') ON CONFLICT DO NOTHING;
INSERT INTO public.events VALUES ('01EJE64W21EVYMNS1E5M5DG3TG', 'p', 1, '2020-09-17 14:05:31.075801+00', '2020-09-17 14:06:12.14209+00', '2020-09-17 14:05:31.07382+00', 'EventExecutionEnds', '{"timestamp": "2020-09-17T14:05:31.073820283Z", "event_ulid": "01EJE64W21EVYMNS1E5M5DG3TG", "execution_id": "ex://kube-DeploymentController-worker-processNextWorkItem-01EJE64VMPVBA3TQVYXBYWMK0S"}') ON CONFLICT DO NOTHING;
INSERT INTO public.events VALUES ('01EJE64W2TK9911M5DNG8CRF1X', 'p', 1, '2020-09-17 14:05:31.101046+00', '2020-09-17 14:06:12.150714+00', '2020-09-17 14:05:31.09907+00', 'EventOperation', '{"type": "r", "entity_id": "en:///apis/apps/v1/namespaces/default/deployments/nginx", "timestamp": "2020-09-17T14:05:31.09907014Z", "event_ulid": "01EJE64W2TK9911M5DNG8CRF1X", "execution_id": "ex://kube-DeploymentController-worker-processNextWorkItem-01EJE64W24B9731FM6VPT080RQ", "operation_id": "01EJE64W2TK9911M5DNG8CRF1X", "incarnation_id": "i:///apis/apps/v1/namespaces/default/deployments/nginx?gen=1", "entity_description": "deployment nginx", "incarnation_description": "deployment nginx"}') ON CONFLICT DO NOTHING;
INSERT INTO public.events VALUES ('01EJE64WQV84ZJHY14GEGC3KQE', 'p', 1, '2020-09-17 14:05:31.776556+00', '2020-09-17 14:06:12.159916+00', '2020-09-17 14:05:31.771743+00', 'EventExecutionBegins', '{"parent_id": "ex://kube-DeploymentController-worker-01EJE645ZKWP5W0BEA1TDGKE3D", "timestamp": "2020-09-17T14:05:31.771742505Z", "event_ulid": "01EJE64WQV84ZJHY14GEGC3KQE", "description": "kube DC process one", "execution_id": "ex://kube-DeploymentController-worker-processNextWorkItem-01EJE64WQV84ZJHY14GE1F8VVH"}') ON CONFLICT DO NOTHING;
INSERT INTO public.events VALUES ('01EJE64FDHT79T7R5SGWEZ2KG2', 'p', 1, '2020-09-17 14:05:18.135071+00', '2020-09-17 14:06:11.792142+00', '2020-09-17 14:05:18.129452+00', 'EventOperation', '{"type": "r", "entity_id": "en://file:///nix/store/zs5f4p4lr4hkmipfz3xfgzs0saq0aw3w-kubenix-generated.json", "timestamp": "2020-09-17T14:05:18.129452495Z", "event_ulid": "01EJE64FDHT79T7R5SGWEZ2KG2", "execution_id": "ex://kubectl-apply-builder-01EJE64FD0Y3AJ0XFKAJT42B1T", "operation_id": "01EJE64FDHT79T7R5SGWEZ2KG2", "incarnation_id": "i://file:///nix/store/zs5f4p4lr4hkmipfz3xfgzs0saq0aw3w-kubenix-generated.json?ulid=01EJE64FDC22EB2KFR1QEHWPHX", "entity_description": "file /nix/store/zs5f4p4lr4hkmipfz3xfgzs0saq0aw3w-kubenix-generated.json", "incarnation_description": "file /nix/store/zs5f4p4lr4hkmipfz3xfgzs0saq0aw3w-kubenix-generated.json"}') ON CONFLICT DO NOTHING;
INSERT INTO public.events VALUES ('01EJE64X1PRWWDPQRFEM31PCM8', 'p', 1, '2020-09-17 14:05:32.09421+00', '2020-09-17 14:06:11.846458+00', '2020-09-17 14:05:32.086371+00', 'EventExecutionBegins', '{"parent_id": "ex://kube-DeploymentController-worker-01EJE645ZGAKENAZJ2BHTCNEE2", "timestamp": "2020-09-17T14:05:32.086371319Z", "event_ulid": "01EJE64X1PRWWDPQRFEM31PCM8", "description": "kube DC process one", "execution_id": "ex://kube-DeploymentController-worker-processNextWorkItem-01EJE64X1PRWWDPQRFEGHEWBCQ"}') ON CONFLICT DO NOTHING;
INSERT INTO public.events VALUES ('01EJE64H03BKVRQPC3BWNV3TWF', 'p', 1, '2020-09-17 14:05:19.753316+00', '2020-09-17 14:06:11.896645+00', '2020-09-17 14:05:19.747838+00', 'EventOperation', '{"type": "w", "entity_id": "en://in-memory-https://192.168.1.1/api/v1/namespaces/default/configmaps/nginx-config", "timestamp": "2020-09-17T14:05:19.747837513Z", "event_ulid": "01EJE64H03BKVRQPC3BWNV3TWF", "execution_id": "ex://kubectl-apply-builder-01EJE64FD0Y3AJ0XFKAJT42B1T", "operation_id": "01EJE64H03BKVRQPC3BWNV3TWF", "incarnation_id": "i://in-memory-https://192.168.1.1/api/v1/namespaces/default/configmaps/nginx-config?ulid=01EJE64H03BKVRQPC3BTVYW093", "entity_description": "in-memory resource https://192.168.1.1/api/v1/namespaces/default/configmaps/nginx-config", "incarnation_description": "in-memory resource https://192.168.1.1/api/v1/namespaces/default/configmaps/nginx-config"}') ON CONFLICT DO NOTHING;
INSERT INTO public.events VALUES ('01EJE64HAYQKEN2R0T4F48TCS0', 'p', 1, '2020-09-17 14:05:20.10621+00', '2020-09-17 14:06:11.964542+00', '2020-09-17 14:05:20.094532+00', 'EventOperation', '{"type": "r", "entity_id": "en://in-memory-https://192.168.1.1/api/v1/namespaces/default/configmaps/nginx-config", "timestamp": "2020-09-17T14:05:20.094531576Z", "event_ulid": "01EJE64HAYQKEN2R0T4F48TCS0", "execution_id": "ex://kubectl-apply-one-01EJE64HA0HZ8RH0V9915XRS90", "operation_id": "01EJE64HAYQKEN2R0T4F48TCS0", "incarnation_id": "i://in-memory-https://192.168.1.1/api/v1/namespaces/default/configmaps/nginx-config?ulid=01EJE64H03BKVRQPC3BTVYW093", "entity_description": "in-memory resource https://192.168.1.1/api/v1/namespaces/default/configmaps/nginx-config", "incarnation_description": "in-memory resource https://192.168.1.1/api/v1/namespaces/default/configmaps/nginx-config"}') ON CONFLICT DO NOTHING;
INSERT INTO public.events VALUES ('01EJE64J3VZ5A5X6GAXN34XN5H', 'p', 1, '2020-09-17 14:05:21.244644+00', '2020-09-17 14:06:12.204223+00', '2020-09-17 14:05:20.89192+00', 'EventOperation', '{"type": "r", "entity_id": "en://in-memory-https://192.168.1.1/api/v1/namespaces/default/configmaps/nginx-static", "timestamp": "2020-09-17T14:05:20.891919512Z", "event_ulid": "01EJE64J3VZ5A5X6GAXN34XN5H", "execution_id": "ex://kubectl-apply-one-01EJE64J3DVW3HF3Y3ASQ03G5E", "operation_id": "01EJE64J3VZ5A5X6GAXN34XN5H", "incarnation_id": "i://in-memory-https://192.168.1.1/api/v1/namespaces/default/configmaps/nginx-static?ulid=01EJE64H0H299GQ9ZX5ZCX35FC", "entity_description": "in-memory resource https://192.168.1.1/api/v1/namespaces/default/configmaps/nginx-static", "incarnation_description": "in-memory resource https://192.168.1.1/api/v1/namespaces/default/configmaps/nginx-static"}') ON CONFLICT DO NOTHING;
INSERT INTO public.events VALUES ('01EJE64WX0FBR9AFG3KAZ6NSK1', 'p', 1, '2020-09-17 14:05:31.940139+00', '2020-09-17 14:06:12.305465+00', '2020-09-17 14:05:31.936896+00', 'EventOperation', '{"type": "r", "entity_id": "en:///apis/apps/v1/namespaces/default/deployments/nginx", "timestamp": "2020-09-17T14:05:31.936895618Z", "event_ulid": "01EJE64WX0FBR9AFG3KAZ6NSK1", "execution_id": "ex://kube-DeploymentController-worker-processNextWorkItem-01EJE64WWF8RB8ZMQS6246BJC6", "operation_id": "01EJE64WX0FBR9AFG3KAZ6NSK1", "incarnation_id": "i:///apis/apps/v1/namespaces/default/deployments/nginx?gen=1", "entity_description": "deployment nginx", "incarnation_description": "deployment nginx"}') ON CONFLICT DO NOTHING;
INSERT INTO public.events VALUES ('01EJE64Z1542KX11NA9V06B2B2', 'p', 1, '2020-09-17 14:05:34.11968+00', '2020-09-17 14:06:12.461756+00', '2020-09-17 14:05:34.11706+00', 'EventOperation', '{"type": "r", "entity_id": "en:///apis/apps/v1/namespaces/default/deployments/nginx", "timestamp": "2020-09-17T14:05:34.117059577Z", "event_ulid": "01EJE64Z1542KX11NA9V06B2B2", "execution_id": "ex://kube-DeploymentController-worker-processNextWorkItem-01EJE64Z0N76C9APZ7TFFFHYK6", "operation_id": "01EJE64Z1542KX11NA9V06B2B2", "incarnation_id": "i:///apis/apps/v1/namespaces/default/deployments/nginx?gen=1", "entity_description": "deployment nginx", "incarnation_description": "deployment nginx"}') ON CONFLICT DO NOTHING;
INSERT INTO public.events VALUES ('01EJE648EB4PYCM6AX3THXWNDS', 'p', 2, '2020-09-17 14:05:10.989181+00', '2020-09-17 14:06:18.98515+00', '2020-09-17 14:05:10.987707+00', 'EventOperation', '{"type": "r", "entity_id": "en:///apis/apps/v1/namespaces/kube-system/deployments/coredns", "timestamp": "2020-09-17T14:05:10.987707385Z", "event_ulid": "01EJE648EB4PYCM6AX3THXWNDS", "execution_id": "ex://kube-DeploymentController-worker-processNextWorkItem-01EJE648DF1P02JDNSD5HV122S", "operation_id": "01EJE648EB4PYCM6AX3THXWNDS", "incarnation_id": "i:///apis/apps/v1/namespaces/kube-system/deployments/coredns?gen=1", "entity_description": "deployment coredns", "incarnation_description": "deployment coredns"}') ON CONFLICT DO NOTHING;
INSERT INTO public.events VALUES ('01EJE64VN0V118B60DS9BSTSAP', 'p', 2, '2020-09-17 14:05:30.658045+00', '2020-09-17 14:06:18.967667+00', '2020-09-17 14:05:30.656913+00', 'EventOperation', '{"type": "r", "entity_id": "en:///apis/apps/v1/namespaces/default/deployments/nginx", "timestamp": "2020-09-17T14:05:30.656913106Z", "event_ulid": "01EJE64VN0V118B60DS9BSTSAP", "execution_id": "ex://kube-DeploymentController-worker-processNextWorkItem-01EJE64VMPVBA3TQVYXBYWMK0S", "operation_id": "01EJE64VN0V118B60DS9BSTSAP", "incarnation_id": "i:///apis/apps/v1/namespaces/default/deployments/nginx?gen=1", "entity_description": "deployment nginx", "incarnation_description": "deployment nginx"}') ON CONFLICT DO NOTHING;
INSERT INTO public.events VALUES ('01EJE64HDB3ZS7FFH1941JEP8C', 'p', 2, '2020-09-17 14:05:20.179109+00', '2020-09-17 14:06:18.961437+00', '2020-09-17 14:05:20.173039+00', 'EventOperation', '{"type": "r", "entity_id": "en:///apis/apps/v1/namespaces/default/deployments/nginx", "timestamp": "2020-09-17T14:05:20.17303904Z", "event_ulid": "01EJE64HDB3ZS7FFH1941JEP8C", "execution_id": "ex://kube-DeploymentController-worker-processNextWorkItem-01EJE64HBVA0KAFZ1W0FR9TENT", "operation_id": "01EJE64HDB3ZS7FFH1941JEP8C", "incarnation_id": "i:///apis/apps/v1/namespaces/default/deployments/nginx?gen=1", "entity_description": "deployment nginx", "incarnation_description": "deployment nginx"}') ON CONFLICT DO NOTHING;
INSERT INTO public.events VALUES ('01EJE64JY8CDGQRX426PVFKMJ8', 'p', 1, '2020-09-17 14:05:21.739077+00', '2020-09-17 14:06:12.240745+00', '2020-09-17 14:05:21.736426+00', 'EventExecutionBegins', '{"parent_id": "ex://kubectl-apply-01EJE64F0GZR453GWVWMBVWE8Q", "timestamp": "2020-09-17T14:05:21.736425727Z", "event_ulid": "01EJE64JY8CDGQRX426PVFKMJ8", "description": "kubectl apply one", "execution_id": "ex://kubectl-apply-one-01EJE64JY8CDGQRX426KAY4P40"}') ON CONFLICT DO NOTHING;
INSERT INTO public.events VALUES ('01EJE64WWF8RB8ZMQS636S1DCH', 'p', 1, '2020-09-17 14:05:31.925757+00', '2020-09-17 14:06:12.176492+00', '2020-09-17 14:05:31.919978+00', 'EventExecutionBegins', '{"parent_id": "ex://kube-DeploymentController-worker-01EJE645ZHBGMEF8RCXY1AXD3N", "timestamp": "2020-09-17T14:05:31.919978384Z", "event_ulid": "01EJE64WWF8RB8ZMQS636S1DCH", "description": "kube DC process one", "execution_id": "ex://kube-DeploymentController-worker-processNextWorkItem-01EJE64WWF8RB8ZMQS6246BJC6"}') ON CONFLICT DO NOTHING;
INSERT INTO public.events VALUES ('01EJE64WYFMGAJ6QA7SDTCB3BK', 'p', 1, '2020-09-17 14:05:31.986929+00', '2020-09-17 14:06:12.186017+00', '2020-09-17 14:05:31.983059+00', 'EventExecutionEnds', '{"timestamp": "2020-09-17T14:05:31.983059027Z", "event_ulid": "01EJE64WYFMGAJ6QA7SDTCB3BK", "execution_id": "ex://kube-DeploymentController-worker-processNextWorkItem-01EJE64WWF8RB8ZMQS6246BJC6"}') ON CONFLICT DO NOTHING;
INSERT INTO public.events VALUES ('01EJE64J3DVW3HF3Y3AX3PGNEH', 'p', 1, '2020-09-17 14:05:20.879691+00', '2020-09-17 14:06:12.194445+00', '2020-09-17 14:05:20.877737+00', 'EventExecutionBegins', '{"parent_id": "ex://kubectl-apply-01EJE64F0GZR453GWVWMBVWE8Q", "timestamp": "2020-09-17T14:05:20.877736704Z", "event_ulid": "01EJE64J3DVW3HF3Y3AX3PGNEH", "description": "kubectl apply one", "execution_id": "ex://kubectl-apply-one-01EJE64J3DVW3HF3Y3ASQ03G5E"}') ON CONFLICT DO NOTHING;
INSERT INTO public.events VALUES ('01EJE64JG0V8RX7ASB5SWHJWB8', 'p', 1, '2020-09-17 14:05:21.509767+00', '2020-09-17 14:06:12.214165+00', '2020-09-17 14:05:21.2808+00', 'EventOperation', '{"type": "r", "entity_id": "en://https://192.168.1.1/api/v1/namespaces/default/configmaps/nginx-static", "timestamp": "2020-09-17T14:05:21.280799663Z", "event_ulid": "01EJE64JG0V8RX7ASB5SWHJWB8", "execution_id": "ex://kubectl-apply-one-01EJE64J3DVW3HF3Y3ASQ03G5E", "operation_id": "01EJE64JG0V8RX7ASB5SWHJWB8", "incarnation_id": "i://https://192.168.1.1/api/v1/namespaces/default/configmaps/nginx-static?ulid=01EJE64JF3KMX0A7HPCG5JB0MZ", "entity_description": "resource configmaps/nginx-static", "incarnation_description": "resource configmaps/nginx-static"}') ON CONFLICT DO NOTHING;
INSERT INTO public.events VALUES ('01EJE64JRXQDJRY59YMH31044T', 'p', 1, '2020-09-17 14:05:21.72211+00', '2020-09-17 14:06:12.22341+00', '2020-09-17 14:05:21.565698+00', 'EventOperation', '{"type": "w", "entity_id": "en://https://192.168.1.1/api/v1/namespaces/default/configmaps/nginx-static", "timestamp": "2020-09-17T14:05:21.565698162Z", "event_ulid": "01EJE64JRXQDJRY59YMH31044T", "execution_id": "ex://kubectl-apply-one-01EJE64J3DVW3HF3Y3ASQ03G5E", "operation_id": "01EJE64JRXQDJRY59YMH31044T", "incarnation_id": "i://https://192.168.1.1/api/v1/namespaces/default/configmaps/nginx-static?ulid=01EJE64JRXQDJRY59YMGXK30KA", "entity_description": "resource configmaps/nginx-static", "incarnation_description": "resource configmaps/nginx-static"}') ON CONFLICT DO NOTHING;
INSERT INTO public.events VALUES ('01EJE64JY1SMVD9PW7JDGK636J', 'p', 1, '2020-09-17 14:05:21.732034+00', '2020-09-17 14:06:12.23175+00', '2020-09-17 14:05:21.729047+00', 'EventExecutionEnds', '{"timestamp": "2020-09-17T14:05:21.729046577Z", "event_ulid": "01EJE64JY1SMVD9PW7JDGK636J", "execution_id": "ex://kubectl-apply-one-01EJE64J3DVW3HF3Y3ASQ03G5E"}') ON CONFLICT DO NOTHING;
INSERT INTO public.events VALUES ('01EJE64JYFCBVG8W7T8MNW9V3Q', 'p', 1, '2020-09-17 14:05:21.749304+00', '2020-09-17 14:06:12.249531+00', '2020-09-17 14:05:21.743148+00', 'EventOperation', '{"type": "r", "entity_id": "en://in-memory-https://192.168.1.1/api/v1/namespaces/default/services/nginx", "timestamp": "2020-09-17T14:05:21.74314781Z", "event_ulid": "01EJE64JYFCBVG8W7T8MNW9V3Q", "execution_id": "ex://kubectl-apply-one-01EJE64JY8CDGQRX426KAY4P40", "operation_id": "01EJE64JYFCBVG8W7T8MNW9V3Q", "incarnation_id": "i://in-memory-https://192.168.1.1/api/v1/namespaces/default/services/nginx?ulid=01EJE64H0TKVQZMS8NENEXNRWZ", "entity_description": "in-memory resource https://192.168.1.1/api/v1/namespaces/default/services/nginx", "incarnation_description": "in-memory resource https://192.168.1.1/api/v1/namespaces/default/services/nginx"}') ON CONFLICT DO NOTHING;
INSERT INTO public.events VALUES ('01EJE64KCWZQ7XVPNMGMFAFAG7', 'p', 1, '2020-09-17 14:05:22.214604+00', '2020-09-17 14:06:12.281691+00', '2020-09-17 14:05:22.204278+00', 'EventExecutionEnds', '{"timestamp": "2020-09-17T14:05:22.204277926Z", "event_ulid": "01EJE64KCWZQ7XVPNMGMFAFAG7", "execution_id": "ex://kubectl-apply-01EJE64F0GZR453GWVWMBVWE8Q"}') ON CONFLICT DO NOTHING;
INSERT INTO public.events VALUES ('01EJE64K3AHGRW3J0W70ZZC2B0', 'p', 1, '2020-09-17 14:05:22.018992+00', '2020-09-17 14:06:12.257372+00', '2020-09-17 14:05:21.898904+00', 'EventOperation', '{"type": "r", "entity_id": "en://https://192.168.1.1/api/v1/namespaces/default/services/nginx", "timestamp": "2020-09-17T14:05:21.898904478Z", "event_ulid": "01EJE64K3AHGRW3J0W70ZZC2B0", "execution_id": "ex://kubectl-apply-one-01EJE64JY8CDGQRX426KAY4P40", "operation_id": "01EJE64K3AHGRW3J0W70ZZC2B0", "incarnation_id": "i://https://192.168.1.1/api/v1/namespaces/default/services/nginx?ulid=01EJE64JYTEC0HGP7MZYCVPP11", "entity_description": "resource services/nginx", "incarnation_description": "resource services/nginx"}') ON CONFLICT DO NOTHING;
INSERT INTO public.events VALUES ('01EJE64K8TAWAPMTCXBMFKG26Z', 'p', 1, '2020-09-17 14:05:22.187786+00', '2020-09-17 14:06:12.265197+00', '2020-09-17 14:05:22.075019+00', 'EventOperation', '{"type": "w", "entity_id": "en://https://192.168.1.1/api/v1/namespaces/default/services/nginx", "timestamp": "2020-09-17T14:05:22.07501876Z", "event_ulid": "01EJE64K8TAWAPMTCXBMFKG26Z", "execution_id": "ex://kubectl-apply-one-01EJE64JY8CDGQRX426KAY4P40", "operation_id": "01EJE64K8TAWAPMTCXBMFKG26Z", "incarnation_id": "i://https://192.168.1.1/api/v1/namespaces/default/services/nginx?ulid=01EJE64K8TAWAPMTCXBGXHWX8Y", "entity_description": "resource services/nginx", "incarnation_description": "resource services/nginx"}') ON CONFLICT DO NOTHING;
INSERT INTO public.events VALUES ('01EJE64KCGXN0BNVY2EVK39N60', 'p', 1, '2020-09-17 14:05:22.1941+00', '2020-09-17 14:06:12.273588+00', '2020-09-17 14:05:22.192264+00', 'EventExecutionEnds', '{"timestamp": "2020-09-17T14:05:22.192263829Z", "event_ulid": "01EJE64KCGXN0BNVY2EVK39N60", "execution_id": "ex://kubectl-apply-one-01EJE64JY8CDGQRX426KAY4P40"}') ON CONFLICT DO NOTHING;
INSERT INTO public.events VALUES ('01EJE64WVABQV4FJW50V1YT5ZQ', 'p', 1, '2020-09-17 14:05:31.884205+00', '2020-09-17 14:06:12.297539+00', '2020-09-17 14:05:31.88214+00', 'EventExecutionEnds', '{"timestamp": "2020-09-17T14:05:31.882139776Z", "event_ulid": "01EJE64WVABQV4FJW50V1YT5ZQ", "execution_id": "ex://kube-DeploymentController-worker-processNextWorkItem-01EJE64WTA8Z076SHQRMNJ9TZQ"}') ON CONFLICT DO NOTHING;
INSERT INTO public.events VALUES ('01EJE64WTA8Z076SHQRNYZ655W', 'p', 1, '2020-09-17 14:05:31.854289+00', '2020-09-17 14:06:12.289893+00', '2020-09-17 14:05:31.850899+00', 'EventExecutionBegins', '{"parent_id": "ex://kube-DeploymentController-worker-01EJE645ZHBGMEF8RCY2YCXK6J", "timestamp": "2020-09-17T14:05:31.850899493Z", "event_ulid": "01EJE64WTA8Z076SHQRNYZ655W", "description": "kube DC process one", "execution_id": "ex://kube-DeploymentController-worker-processNextWorkItem-01EJE64WTA8Z076SHQRMNJ9TZQ"}') ON CONFLICT DO NOTHING;
INSERT INTO public.events VALUES ('01EJE64WYFMGAJ6QA7SJ1VSGEC', 'p', 1, '2020-09-17 14:05:31.990628+00', '2020-09-17 14:06:12.313785+00', '2020-09-17 14:05:31.983958+00', 'EventExecutionBegins', '{"parent_id": "ex://kube-DeploymentController-worker-01EJE645ZHBGMEF8RCXZ3T6F4G", "timestamp": "2020-09-17T14:05:31.983958024Z", "event_ulid": "01EJE64WYFMGAJ6QA7SJ1VSGEC", "description": "kube DC process one", "execution_id": "ex://kube-DeploymentController-worker-processNextWorkItem-01EJE64WYFMGAJ6QA7SHA3RZ8C"}') ON CONFLICT DO NOTHING;
INSERT INTO public.events VALUES ('01EJE64X1NVF283BHBK8QKDHTX', 'p', 1, '2020-09-17 14:05:32.09458+00', '2020-09-17 14:06:12.321657+00', '2020-09-17 14:05:32.08514+00', 'EventExecutionEnds', '{"timestamp": "2020-09-17T14:05:32.085140157Z", "event_ulid": "01EJE64X1NVF283BHBK8QKDHTX", "execution_id": "ex://kube-DeploymentController-worker-processNextWorkItem-01EJE64WYFMGAJ6QA7SHA3RZ8C"}') ON CONFLICT DO NOTHING;
INSERT INTO public.events VALUES ('01EJE64X42FFDRE9D0WXT8S4W9', 'p', 1, '2020-09-17 14:05:32.167298+00', '2020-09-17 14:06:12.329453+00', '2020-09-17 14:05:32.163008+00', 'EventExecutionEnds', '{"timestamp": "2020-09-17T14:05:32.163007596Z", "event_ulid": "01EJE64X42FFDRE9D0WXT8S4W9", "execution_id": "ex://kube-DeploymentController-worker-processNextWorkItem-01EJE64X1PRWWDPQRFEGHEWBCQ"}') ON CONFLICT DO NOTHING;
INSERT INTO public.events VALUES ('01EJE64S8Y8MV21VA0GDBEH19V', 'p', 2, '2020-09-17 14:05:28.226838+00', '2020-09-17 14:06:18.977189+00', '2020-09-17 14:05:28.223001+00', 'EventExecutionEnds', '{"timestamp": "2020-09-17T14:05:28.223000975Z", "event_ulid": "01EJE64S8Y8MV21VA0GDBEH19V", "execution_id": "ex://kube-DeploymentController-worker-processNextWorkItem-01EJE64S7NNAK617SXDNJR0EXA"}') ON CONFLICT DO NOTHING;
INSERT INTO public.events VALUES ('01EJE64YSCJZ75BCEVZBGXW1BE', 'p', 1, '2020-09-17 14:05:33.872452+00', '2020-09-17 14:06:12.343653+00', '2020-09-17 14:05:33.868901+00', 'EventExecutionBegins', '{"parent_id": "ex://kube-DeploymentController-worker-01EJE645ZHBGMEF8RCY2YCXK6J", "timestamp": "2020-09-17T14:05:33.868900663Z", "event_ulid": "01EJE64YSCJZ75BCEVZBGXW1BE", "description": "kube DC process one", "execution_id": "ex://kube-DeploymentController-worker-processNextWorkItem-01EJE64YSCJZ75BCEVZ8G5N0JZ"}') ON CONFLICT DO NOTHING;
INSERT INTO public.events VALUES ('01EJE64YV0KTT7SFHHWJJK05QC', 'p', 1, '2020-09-17 14:05:33.922968+00', '2020-09-17 14:06:12.351263+00', '2020-09-17 14:05:33.921069+00', 'EventExecutionEnds', '{"timestamp": "2020-09-17T14:05:33.921069025Z", "event_ulid": "01EJE64YV0KTT7SFHHWJJK05QC", "execution_id": "ex://kube-DeploymentController-worker-processNextWorkItem-01EJE64YSCJZ75BCEVZ8G5N0JZ"}') ON CONFLICT DO NOTHING;
INSERT INTO public.events VALUES ('01EJE64YXJ9GR1G6N93VJ1Y16S', 'p', 1, '2020-09-17 14:05:34.006689+00', '2020-09-17 14:06:12.365155+00', '2020-09-17 14:05:34.002964+00', 'EventExecutionBegins', '{"parent_id": "ex://kube-DeploymentController-worker-01EJE645ZHBGMEF8RCXZ3T6F4G", "timestamp": "2020-09-17T14:05:34.00296407Z", "event_ulid": "01EJE64YXJ9GR1G6N93VJ1Y16S", "description": "kube DC process one", "execution_id": "ex://kube-DeploymentController-worker-processNextWorkItem-01EJE64YXJ9GR1G6N93T7F8Z3B"}') ON CONFLICT DO NOTHING;
INSERT INTO public.events VALUES ('01EJE64YZC3HGAHX7Q6EY86V75', 'p', 1, '2020-09-17 14:05:34.061513+00', '2020-09-17 14:06:12.370802+00', '2020-09-17 14:05:34.060472+00', 'EventExecutionEnds', '{"timestamp": "2020-09-17T14:05:34.060472497Z", "event_ulid": "01EJE64YZC3HGAHX7Q6EY86V75", "execution_id": "ex://kube-DeploymentController-worker-processNextWorkItem-01EJE64YXJ9GR1G6N93T7F8Z3B"}') ON CONFLICT DO NOTHING;
INSERT INTO public.events VALUES ('01EJE64Z0N76C9APZ7TG04NVWM', 'p', 1, '2020-09-17 14:05:34.104283+00', '2020-09-17 14:06:12.381166+00', '2020-09-17 14:05:34.101677+00', 'EventExecutionBegins', '{"parent_id": "ex://kube-DeploymentController-worker-01EJE645ZKWP5W0BEA1TDGKE3D", "timestamp": "2020-09-17T14:05:34.101676616Z", "event_ulid": "01EJE64Z0N76C9APZ7TG04NVWM", "description": "kube DC process one", "execution_id": "ex://kube-DeploymentController-worker-processNextWorkItem-01EJE64Z0N76C9APZ7TFFFHYK6"}') ON CONFLICT DO NOTHING;
INSERT INTO public.events VALUES ('01EJE64Z258YCFC25GEK9YA3DF', 'p', 1, '2020-09-17 14:05:34.15228+00', '2020-09-17 14:06:12.385605+00', '2020-09-17 14:05:34.149908+00', 'EventExecutionEnds', '{"timestamp": "2020-09-17T14:05:34.149907607Z", "event_ulid": "01EJE64Z258YCFC25GEK9YA3DF", "execution_id": "ex://kube-DeploymentController-worker-processNextWorkItem-01EJE64Z0N76C9APZ7TFFFHYK6"}') ON CONFLICT DO NOTHING;
INSERT INTO public.events VALUES ('01EJE64ZCDTQ0E6F12RRPAHJSJ', 'p', 1, '2020-09-17 14:05:34.480048+00', '2020-09-17 14:06:12.395137+00', '2020-09-17 14:05:34.478074+00', 'EventExecutionBegins', '{"parent_id": "ex://kube-DeploymentController-worker-01EJE645ZHBGMEF8RCXY1AXD3N", "timestamp": "2020-09-17T14:05:34.478073896Z", "event_ulid": "01EJE64ZCDTQ0E6F12RRPAHJSJ", "description": "kube DC process one", "execution_id": "ex://kube-DeploymentController-worker-processNextWorkItem-01EJE64ZCDTQ0E6F12RP85R9J1"}') ON CONFLICT DO NOTHING;
INSERT INTO public.events VALUES ('01EJE64ZDZXJ56JVQ8P8F5X5RY', 'p', 1, '2020-09-17 14:05:34.529999+00', '2020-09-17 14:06:12.400316+00', '2020-09-17 14:05:34.527991+00', 'EventExecutionEnds', '{"timestamp": "2020-09-17T14:05:34.527991134Z", "event_ulid": "01EJE64ZDZXJ56JVQ8P8F5X5RY", "execution_id": "ex://kube-DeploymentController-worker-processNextWorkItem-01EJE64ZCDTQ0E6F12RP85R9J1"}') ON CONFLICT DO NOTHING;
INSERT INTO public.events VALUES ('01EJE64WZC3E2MKVE4EM8J59ZZ', 'p', 1, '2020-09-17 14:05:32.02005+00', '2020-09-17 14:06:12.406266+00', '2020-09-17 14:05:32.016522+00', 'EventOperation', '{"type": "r", "entity_id": "en:///apis/apps/v1/namespaces/default/deployments/nginx", "timestamp": "2020-09-17T14:05:32.016522498Z", "event_ulid": "01EJE64WZC3E2MKVE4EM8J59ZZ", "execution_id": "ex://kube-DeploymentController-worker-processNextWorkItem-01EJE64WYFMGAJ6QA7SHA3RZ8C", "operation_id": "01EJE64WZC3E2MKVE4EM8J59ZZ", "incarnation_id": "i:///apis/apps/v1/namespaces/default/deployments/nginx?gen=1", "entity_description": "deployment nginx", "incarnation_description": "deployment nginx"}') ON CONFLICT DO NOTHING;
INSERT INTO public.events VALUES ('01EJE64X2C5YZ699DSKAYY1CBC', 'p', 1, '2020-09-17 14:05:32.112924+00', '2020-09-17 14:06:12.411913+00', '2020-09-17 14:05:32.109049+00', 'EventOperation', '{"type": "r", "entity_id": "en:///apis/apps/v1/namespaces/default/deployments/nginx", "timestamp": "2020-09-17T14:05:32.109048503Z", "event_ulid": "01EJE64X2C5YZ699DSKAYY1CBC", "execution_id": "ex://kube-DeploymentController-worker-processNextWorkItem-01EJE64X1PRWWDPQRFEGHEWBCQ", "operation_id": "01EJE64X2C5YZ699DSKAYY1CBC", "incarnation_id": "i:///apis/apps/v1/namespaces/default/deployments/nginx?gen=1", "entity_description": "deployment nginx", "incarnation_description": "deployment nginx"}') ON CONFLICT DO NOTHING;
INSERT INTO public.events VALUES ('01EJE64X446AVMEXY0JSRBEK8S', 'p', 1, '2020-09-17 14:05:32.168307+00', '2020-09-17 14:06:12.418268+00', '2020-09-17 14:05:32.164287+00', 'EventExecutionBegins', '{"parent_id": "ex://kube-DeploymentController-worker-01EJE645ZKWP5W0BEA1TDGKE3D", "timestamp": "2020-09-17T14:05:32.164287367Z", "event_ulid": "01EJE64X446AVMEXY0JSRBEK8S", "description": "kube DC process one", "execution_id": "ex://kube-DeploymentController-worker-processNextWorkItem-01EJE64X43MRNP8FD5EF4PRZ7B"}') ON CONFLICT DO NOTHING;
INSERT INTO public.events VALUES ('01EJE64X5MDBS1BNVFRX9WTY9B', 'p', 1, '2020-09-17 14:05:32.214921+00', '2020-09-17 14:06:12.423978+00', '2020-09-17 14:05:32.212346+00', 'EventExecutionEnds', '{"timestamp": "2020-09-17T14:05:32.212345989Z", "event_ulid": "01EJE64X5MDBS1BNVFRX9WTY9B", "execution_id": "ex://kube-DeploymentController-worker-processNextWorkItem-01EJE64X43MRNP8FD5EF4PRZ7B"}') ON CONFLICT DO NOTHING;
INSERT INTO public.events VALUES ('01EJE64YSP92MZARECXYV3BQNQ', 'p', 1, '2020-09-17 14:05:33.882178+00', '2020-09-17 14:06:12.428225+00', '2020-09-17 14:05:33.879043+00', 'EventOperation', '{"type": "r", "entity_id": "en:///apis/apps/v1/namespaces/default/deployments/nginx", "timestamp": "2020-09-17T14:05:33.879043293Z", "event_ulid": "01EJE64YSP92MZARECXYV3BQNQ", "execution_id": "ex://kube-DeploymentController-worker-processNextWorkItem-01EJE64YSCJZ75BCEVZ8G5N0JZ", "operation_id": "01EJE64YSP92MZARECXYV3BQNQ", "incarnation_id": "i:///apis/apps/v1/namespaces/default/deployments/nginx?gen=1", "entity_description": "deployment nginx", "incarnation_description": "deployment nginx"}') ON CONFLICT DO NOTHING;
INSERT INTO public.events VALUES ('01EJE64YV2A12Q65VYN0QT8BMD', 'p', 1, '2020-09-17 14:05:33.923464+00', '2020-09-17 14:06:12.43356+00', '2020-09-17 14:05:33.92259+00', 'EventExecutionBegins', '{"parent_id": "ex://kube-DeploymentController-worker-01EJE645ZHBGMEF8RCXY1AXD3N", "timestamp": "2020-09-17T14:05:33.922589609Z", "event_ulid": "01EJE64YV2A12Q65VYN0QT8BMD", "description": "kube DC process one", "execution_id": "ex://kube-DeploymentController-worker-processNextWorkItem-01EJE64YV2A12Q65VYMY2GYC51"}') ON CONFLICT DO NOTHING;
INSERT INTO public.events VALUES ('01EJE64YVZA376VEZHW0Y5PRXK', 'p', 1, '2020-09-17 14:05:33.958288+00', '2020-09-17 14:06:12.439058+00', '2020-09-17 14:05:33.951623+00', 'EventExecutionEnds', '{"timestamp": "2020-09-17T14:05:33.951623188Z", "event_ulid": "01EJE64YVZA376VEZHW0Y5PRXK", "execution_id": "ex://kube-DeploymentController-worker-processNextWorkItem-01EJE64YV2A12Q65VYMY2GYC51"}') ON CONFLICT DO NOTHING;
INSERT INTO public.events VALUES ('01EJE64YXY3FQM0SXEB5Z6H7KT', 'p', 1, '2020-09-17 14:05:34.017026+00', '2020-09-17 14:06:12.44467+00', '2020-09-17 14:05:34.014961+00', 'EventOperation', '{"type": "r", "entity_id": "en:///apis/apps/v1/namespaces/default/deployments/nginx", "timestamp": "2020-09-17T14:05:34.014961126Z", "event_ulid": "01EJE64YXY3FQM0SXEB5Z6H7KT", "execution_id": "ex://kube-DeploymentController-worker-processNextWorkItem-01EJE64YXJ9GR1G6N93T7F8Z3B", "operation_id": "01EJE64YXY3FQM0SXEB5Z6H7KT", "incarnation_id": "i:///apis/apps/v1/namespaces/default/deployments/nginx?gen=1", "entity_description": "deployment nginx", "incarnation_description": "deployment nginx"}') ON CONFLICT DO NOTHING;
INSERT INTO public.events VALUES ('01EJE64YZC3HGAHX7Q6NAJR1ZH', 'p', 1, '2020-09-17 14:05:34.071871+00', '2020-09-17 14:06:12.450563+00', '2020-09-17 14:05:34.060832+00', 'EventExecutionBegins', '{"parent_id": "ex://kube-DeploymentController-worker-01EJE645ZGAKENAZJ2BHTCNEE2", "timestamp": "2020-09-17T14:05:34.06083204Z", "event_ulid": "01EJE64YZC3HGAHX7Q6NAJR1ZH", "description": "kube DC process one", "execution_id": "ex://kube-DeploymentController-worker-processNextWorkItem-01EJE64YZC3HGAHX7Q6HTNJMHG"}') ON CONFLICT DO NOTHING;
INSERT INTO public.events VALUES ('01EJE64Z0FHT3K0ME5QQT118YC', 'p', 1, '2020-09-17 14:05:34.096198+00', '2020-09-17 14:06:12.456033+00', '2020-09-17 14:05:34.095649+00', 'EventExecutionEnds', '{"timestamp": "2020-09-17T14:05:34.095649035Z", "event_ulid": "01EJE64Z0FHT3K0ME5QQT118YC", "execution_id": "ex://kube-DeploymentController-worker-processNextWorkItem-01EJE64YZC3HGAHX7Q6HTNJMHG"}') ON CONFLICT DO NOTHING;
INSERT INTO public.events VALUES ('01EJE64Z26WF27KZDM3T1NHFZ0', 'p', 1, '2020-09-17 14:05:34.152536+00', '2020-09-17 14:06:12.468296+00', '2020-09-17 14:05:34.150113+00', 'EventExecutionBegins', '{"parent_id": "ex://kube-DeploymentController-worker-01EJE645ZHBGMEF8RCY2YCXK6J", "timestamp": "2020-09-17T14:05:34.150113219Z", "event_ulid": "01EJE64Z26WF27KZDM3T1NHFZ0", "description": "kube DC process one", "execution_id": "ex://kube-DeploymentController-worker-processNextWorkItem-01EJE64Z258YCFC25GEM3QDWEP"}') ON CONFLICT DO NOTHING;
INSERT INTO public.events VALUES ('01EJE64Z2W648J0513GJYMJT2P', 'p', 1, '2020-09-17 14:05:34.176907+00', '2020-09-17 14:06:12.473046+00', '2020-09-17 14:05:34.172229+00', 'EventExecutionEnds', '{"timestamp": "2020-09-17T14:05:34.172229438Z", "event_ulid": "01EJE64Z2W648J0513GJYMJT2P", "execution_id": "ex://kube-DeploymentController-worker-processNextWorkItem-01EJE64Z258YCFC25GEM3QDWEP"}') ON CONFLICT DO NOTHING;
INSERT INTO public.events VALUES ('01EJE64ZCS0QGF4Y417PP5B2KA', 'p', 1, '2020-09-17 14:05:34.490489+00', '2020-09-17 14:06:12.478815+00', '2020-09-17 14:05:34.489064+00', 'EventOperation', '{"type": "r", "entity_id": "en:///apis/apps/v1/namespaces/default/deployments/nginx", "timestamp": "2020-09-17T14:05:34.489064399Z", "event_ulid": "01EJE64ZCS0QGF4Y417PP5B2KA", "execution_id": "ex://kube-DeploymentController-worker-processNextWorkItem-01EJE64ZCDTQ0E6F12RP85R9J1", "operation_id": "01EJE64ZCS0QGF4Y417PP5B2KA", "incarnation_id": "i:///apis/apps/v1/namespaces/default/deployments/nginx?gen=1", "entity_description": "deployment nginx", "incarnation_description": "deployment nginx"}') ON CONFLICT DO NOTHING;
INSERT INTO public.events VALUES ('01EJE64ZE01V19XN6DTP0HBREM', 'p', 1, '2020-09-17 14:05:34.530558+00', '2020-09-17 14:06:12.485015+00', '2020-09-17 14:05:34.528939+00', 'EventExecutionBegins', '{"parent_id": "ex://kube-DeploymentController-worker-01EJE645ZHBGMEF8RCXZ3T6F4G", "timestamp": "2020-09-17T14:05:34.52893874Z", "event_ulid": "01EJE64ZE01V19XN6DTP0HBREM", "description": "kube DC process one", "execution_id": "ex://kube-DeploymentController-worker-processNextWorkItem-01EJE64ZE01V19XN6DTMK18N4F"}') ON CONFLICT DO NOTHING;
INSERT INTO public.events VALUES ('01EJE64ZETHECQPB9DJGQ3E80Q', 'p', 1, '2020-09-17 14:05:34.555648+00', '2020-09-17 14:06:12.489265+00', '2020-09-17 14:05:34.554728+00', 'EventExecutionEnds', '{"timestamp": "2020-09-17T14:05:34.554727772Z", "event_ulid": "01EJE64ZETHECQPB9DJGQ3E80Q", "execution_id": "ex://kube-DeploymentController-worker-processNextWorkItem-01EJE64ZE01V19XN6DTMK18N4F"}') ON CONFLICT DO NOTHING;
INSERT INTO public.events VALUES ('01EJE64ZEJT7JKNMFK2P7M2H3S', 'p', 1, '2020-09-17 14:05:34.549234+00', '2020-09-17 14:06:12.494015+00', '2020-09-17 14:05:34.54677+00', 'EventOperation', '{"type": "r", "entity_id": "en:///apis/apps/v1/namespaces/default/deployments/nginx", "timestamp": "2020-09-17T14:05:34.546769778Z", "event_ulid": "01EJE64ZEJT7JKNMFK2P7M2H3S", "execution_id": "ex://kube-DeploymentController-worker-processNextWorkItem-01EJE64ZE01V19XN6DTMK18N4F", "operation_id": "01EJE64ZEJT7JKNMFK2P7M2H3S", "incarnation_id": "i:///apis/apps/v1/namespaces/default/deployments/nginx?gen=1", "entity_description": "deployment nginx", "incarnation_description": "deployment nginx"}') ON CONFLICT DO NOTHING;
INSERT INTO public.events VALUES ('01EJE648KGBC89JDWJM3M9NDAS', 'p', 2, '2020-09-17 14:05:11.156591+00', '2020-09-17 14:06:18.993527+00', '2020-09-17 14:05:11.152703+00', 'EventExecutionEnds', '{"timestamp": "2020-09-17T14:05:11.152703216Z", "event_ulid": "01EJE648KGBC89JDWJM3M9NDAS", "execution_id": "ex://kube-DeploymentController-worker-processNextWorkItem-01EJE648DF1P02JDNSD5HV122S"}') ON CONFLICT DO NOTHING;
INSERT INTO public.events VALUES ('01EJE649Q90VB6063JPE25EQS3', 'p', 2, '2020-09-17 14:05:12.301736+00', '2020-09-17 14:06:19.001875+00', '2020-09-17 14:05:12.298169+00', 'EventOperation', '{"type": "r", "entity_id": "en:///apis/apps/v1/namespaces/kube-system/deployments/coredns", "timestamp": "2020-09-17T14:05:12.29816891Z", "event_ulid": "01EJE649Q90VB6063JPE25EQS3", "execution_id": "ex://kube-DeploymentController-worker-processNextWorkItem-01EJE649PQF57SAECBS5JDZ7PT", "operation_id": "01EJE649Q90VB6063JPE25EQS3", "incarnation_id": "i:///apis/apps/v1/namespaces/kube-system/deployments/coredns?gen=1", "entity_description": "deployment coredns", "incarnation_description": "deployment coredns"}') ON CONFLICT DO NOTHING;
INSERT INTO public.events VALUES ('01EJE64FGHNJ4BMCPK1GATVF9B', 'p', 2, '2020-09-17 14:05:18.228295+00', '2020-09-17 14:06:19.012037+00', '2020-09-17 14:05:18.225201+00', 'EventOperation', '{"type": "r", "entity_id": "en:///apis/apps/v1/namespaces/kube-system/deployments/coredns", "timestamp": "2020-09-17T14:05:18.225201256Z", "event_ulid": "01EJE64FGHNJ4BMCPK1GATVF9B", "execution_id": "ex://kube-DeploymentController-worker-processNextWorkItem-01EJE64FG345M6WHZE0WWRZT8N", "operation_id": "01EJE64FGHNJ4BMCPK1GATVF9B", "incarnation_id": "i:///apis/apps/v1/namespaces/kube-system/deployments/coredns?gen=1", "entity_description": "deployment coredns", "incarnation_description": "deployment coredns"}') ON CONFLICT DO NOTHING;
INSERT INTO public.events VALUES ('01EJE64G1FC5DNFBK93YCMYTV9', 'p', 2, '2020-09-17 14:05:18.771189+00', '2020-09-17 14:06:19.021132+00', '2020-09-17 14:05:18.767351+00', 'EventOperation', '{"type": "r", "entity_id": "en:///apis/apps/v1/namespaces/kube-system/deployments/coredns", "timestamp": "2020-09-17T14:05:18.767350887Z", "event_ulid": "01EJE64G1FC5DNFBK93YCMYTV9", "execution_id": "ex://kube-DeploymentController-worker-processNextWorkItem-01EJE64G0ZP4ENCRMN9G4TRZ0W", "operation_id": "01EJE64G1FC5DNFBK93YCMYTV9", "incarnation_id": "i:///apis/apps/v1/namespaces/kube-system/deployments/coredns?gen=1", "entity_description": "deployment coredns", "incarnation_description": "deployment coredns"}') ON CONFLICT DO NOTHING;
INSERT INTO public.events VALUES ('01EJE64H3EJEE8Y3630JCTFAHP', 'p', 2, '2020-09-17 14:05:19.856504+00', '2020-09-17 14:06:19.031002+00', '2020-09-17 14:05:19.855063+00', 'EventOperation', '{"type": "r", "entity_id": "en:///apis/apps/v1/namespaces/default/deployments/nginx", "timestamp": "2020-09-17T14:05:19.855062593Z", "event_ulid": "01EJE64H3EJEE8Y3630JCTFAHP", "execution_id": "ex://kube-DeploymentController-worker-processNextWorkItem-01EJE64H37WEY58MBMX8H5MWRN", "operation_id": "01EJE64H3EJEE8Y3630JCTFAHP", "incarnation_id": "i:///apis/apps/v1/namespaces/default/deployments/nginx?gen=1", "entity_description": "deployment nginx", "incarnation_description": "deployment nginx"}') ON CONFLICT DO NOTHING;
INSERT INTO public.events VALUES ('01EJE64HV8CK5E7MRAE2APMSEH', 'p', 2, '2020-09-17 14:05:20.619825+00', '2020-09-17 14:06:19.041312+00', '2020-09-17 14:05:20.616315+00', 'EventOperation', '{"type": "r", "entity_id": "en:///apis/apps/v1/namespaces/default/deployments/nginx", "timestamp": "2020-09-17T14:05:20.61631549Z", "event_ulid": "01EJE64HV8CK5E7MRAE2APMSEH", "execution_id": "ex://kube-DeploymentController-worker-processNextWorkItem-01EJE64HTSXRSMBDZZZBKS76NF", "operation_id": "01EJE64HV8CK5E7MRAE2APMSEH", "incarnation_id": "i:///apis/apps/v1/namespaces/default/deployments/nginx?gen=1", "entity_description": "deployment nginx", "incarnation_description": "deployment nginx"}') ON CONFLICT DO NOTHING;
INSERT INTO public.events VALUES ('01EJE64HZNYDCSW949YCG8C4V4', 'p', 2, '2020-09-17 14:05:20.770312+00', '2020-09-17 14:06:19.051115+00', '2020-09-17 14:05:20.757784+00', 'EventExecutionEnds', '{"timestamp": "2020-09-17T14:05:20.757783749Z", "event_ulid": "01EJE64HZNYDCSW949YCG8C4V4", "execution_id": "ex://kube-DeploymentController-worker-processNextWorkItem-01EJE64HTSXRSMBDZZZBKS76NF"}') ON CONFLICT DO NOTHING;
INSERT INTO public.events VALUES ('01EJE64J2D4VJQMP7ZNN5BTDGA', 'p', 2, '2020-09-17 14:05:20.847819+00', '2020-09-17 14:06:19.060126+00', '2020-09-17 14:05:20.845372+00', 'EventExecutionEnds', '{"timestamp": "2020-09-17T14:05:20.845371696Z", "event_ulid": "01EJE64J2D4VJQMP7ZNN5BTDGA", "execution_id": "ex://kube-DeploymentController-worker-processNextWorkItem-01EJE64HZPA527901M1JFD7WY5"}') ON CONFLICT DO NOTHING;
INSERT INTO public.events VALUES ('01EJE64S2Z1RME35N58GR6WBP2', 'p', 2, '2020-09-17 14:05:28.036589+00', '2020-09-17 14:06:19.069185+00', '2020-09-17 14:05:28.031348+00', 'EventOperation', '{"type": "r", "entity_id": "en:///apis/apps/v1/namespaces/default/deployments/nginx", "timestamp": "2020-09-17T14:05:28.031348126Z", "event_ulid": "01EJE64S2Z1RME35N58GR6WBP2", "execution_id": "ex://kube-DeploymentController-worker-processNextWorkItem-01EJE64S1ACRWA8B9KRZ6CKC19", "operation_id": "01EJE64S2Z1RME35N58GR6WBP2", "incarnation_id": "i:///apis/apps/v1/namespaces/default/deployments/nginx?gen=1", "entity_description": "deployment nginx", "incarnation_description": "deployment nginx"}') ON CONFLICT DO NOTHING;
INSERT INTO public.events VALUES ('01EJE64WTVEJVQE375HPYGZWB5', 'p', 2, '2020-09-17 14:05:31.871118+00', '2020-09-17 14:06:19.078561+00', '2020-09-17 14:05:31.867751+00', 'EventOperation', '{"type": "r", "entity_id": "en:///apis/apps/v1/namespaces/default/deployments/nginx", "timestamp": "2020-09-17T14:05:31.867751355Z", "event_ulid": "01EJE64WTVEJVQE375HPYGZWB5", "execution_id": "ex://kube-DeploymentController-worker-processNextWorkItem-01EJE64WTA8Z076SHQRMNJ9TZQ", "operation_id": "01EJE64WTVEJVQE375HPYGZWB5", "incarnation_id": "i:///apis/apps/v1/namespaces/default/deployments/nginx?gen=1", "entity_description": "deployment nginx", "incarnation_description": "deployment nginx"}') ON CONFLICT DO NOTHING;
INSERT INTO public.events VALUES ('01EJE64X519CFDB7VJEFJBTDD3', 'p', 2, '2020-09-17 14:05:32.196027+00', '2020-09-17 14:06:19.087841+00', '2020-09-17 14:05:32.194018+00', 'EventOperation', '{"type": "r", "entity_id": "en:///apis/apps/v1/namespaces/default/deployments/nginx", "timestamp": "2020-09-17T14:05:32.194017962Z", "event_ulid": "01EJE64X519CFDB7VJEFJBTDD3", "execution_id": "ex://kube-DeploymentController-worker-processNextWorkItem-01EJE64X43MRNP8FD5EF4PRZ7B", "operation_id": "01EJE64X519CFDB7VJEFJBTDD3", "incarnation_id": "i:///apis/apps/v1/namespaces/default/deployments/nginx?gen=1", "entity_description": "deployment nginx", "incarnation_description": "deployment nginx"}') ON CONFLICT DO NOTHING;
INSERT INTO public.events VALUES ('01EJE64YVJAPJK3GRERQ44560X', 'p', 2, '2020-09-17 14:05:33.941277+00', '2020-09-17 14:06:19.098304+00', '2020-09-17 14:05:33.938263+00', 'EventOperation', '{"type": "r", "entity_id": "en:///apis/apps/v1/namespaces/default/deployments/nginx", "timestamp": "2020-09-17T14:05:33.938262831Z", "event_ulid": "01EJE64YVJAPJK3GRERQ44560X", "execution_id": "ex://kube-DeploymentController-worker-processNextWorkItem-01EJE64YV2A12Q65VYMY2GYC51", "operation_id": "01EJE64YVJAPJK3GRERQ44560X", "incarnation_id": "i:///apis/apps/v1/namespaces/default/deployments/nginx?gen=1", "entity_description": "deployment nginx", "incarnation_description": "deployment nginx"}') ON CONFLICT DO NOTHING;
INSERT INTO public.events VALUES ('01EJE64Z01RB0YCVWVPTSC8B5E', 'p', 2, '2020-09-17 14:05:34.083882+00', '2020-09-17 14:06:19.108159+00', '2020-09-17 14:05:34.081873+00', 'EventOperation', '{"type": "r", "entity_id": "en:///apis/apps/v1/namespaces/default/deployments/nginx", "timestamp": "2020-09-17T14:05:34.081872982Z", "event_ulid": "01EJE64Z01RB0YCVWVPTSC8B5E", "execution_id": "ex://kube-DeploymentController-worker-processNextWorkItem-01EJE64YZC3HGAHX7Q6HTNJMHG", "operation_id": "01EJE64Z01RB0YCVWVPTSC8B5E", "incarnation_id": "i:///apis/apps/v1/namespaces/default/deployments/nginx?gen=1", "entity_description": "deployment nginx", "incarnation_description": "deployment nginx"}') ON CONFLICT DO NOTHING;
INSERT INTO public.events VALUES ('01EJE64Z2JDDC51Q2V4DVHB2B9', 'p', 2, '2020-09-17 14:05:34.164318+00', '2020-09-17 14:06:19.117834+00', '2020-09-17 14:05:34.162977+00', 'EventOperation', '{"type": "r", "entity_id": "en:///apis/apps/v1/namespaces/default/deployments/nginx", "timestamp": "2020-09-17T14:05:34.162976586Z", "event_ulid": "01EJE64Z2JDDC51Q2V4DVHB2B9", "execution_id": "ex://kube-DeploymentController-worker-processNextWorkItem-01EJE64Z258YCFC25GEM3QDWEP", "operation_id": "01EJE64Z2JDDC51Q2V4DVHB2B9", "incarnation_id": "i:///apis/apps/v1/namespaces/default/deployments/nginx?gen=1", "entity_description": "deployment nginx", "incarnation_description": "deployment nginx"}') ON CONFLICT DO NOTHING;


--
-- Data for Name: executions; Type: TABLE DATA; Schema: public; Owner: tenmo
--

INSERT INTO public.executions VALUES ('ex://kubectl-apply-01EJE63YWXHCQ5M6QH9CM3A7WM', '2020-09-17 14:06:11.432923+00', '2020-09-17 14:05:01.213244+00', NULL, NULL, NULL, 'kubectl apply', NULL) ON CONFLICT DO NOTHING;
INSERT INTO public.executions VALUES ('ex://kubectl-apply-builder-01EJE63ZQF5GHBCT3PRM08VKTP', '2020-09-17 14:06:11.438779+00', '2020-09-17 14:05:02.063872+00', 'ex://kubectl-apply-01EJE63YWXHCQ5M6QH9CM3A7WM', NULL, NULL, 'kubectl apply resource building', '2020-09-17 14:05:02.075522+00') ON CONFLICT DO NOTHING;
INSERT INTO public.executions VALUES ('ex://kubectl-apply-01EJE63ZWWH6W9RP0F4SP1C3KT', '2020-09-17 14:06:11.459965+00', '2020-09-17 14:05:02.237031+00', NULL, NULL, NULL, 'kubectl apply', NULL) ON CONFLICT DO NOTHING;
INSERT INTO public.executions VALUES ('ex://kubectl-apply-builder-01EJE6404NH73EF4008DY2Q0RS', '2020-09-17 14:06:11.466156+00', '2020-09-17 14:05:02.485777+00', 'ex://kubectl-apply-01EJE63ZWWH6W9RP0F4SP1C3KT', NULL, NULL, 'kubectl apply resource building', '2020-09-17 14:05:02.496827+00') ON CONFLICT DO NOTHING;
INSERT INTO public.executions VALUES ('ex://kube-DeploymentController-Run-01EJE6425322VSZEH9NFVF1D0F', '2020-09-17 14:06:11.505419+00', '2020-09-17 14:05:04.548242+00', NULL, NULL, NULL, 'kube DC Run', NULL) ON CONFLICT DO NOTHING;
INSERT INTO public.executions VALUES ('ex://kube-DeploymentController-worker-01EJE645ZGAKENAZJ2BHTCNEE2', '2020-09-17 14:06:11.515664+00', '2020-09-17 14:05:08.464869+00', 'ex://kube-DeploymentController-Run-01EJE6425322VSZEH9NFVF1D0F', NULL, NULL, 'kube DC worker', NULL) ON CONFLICT DO NOTHING;
INSERT INTO public.executions VALUES ('ex://kube-DeploymentController-worker-01EJE645ZKWP5W0BEA1TDGKE3D', '2020-09-17 14:06:11.52477+00', '2020-09-17 14:05:08.467754+00', 'ex://kube-DeploymentController-Run-01EJE6425322VSZEH9NFVF1D0F', NULL, NULL, 'kube DC worker', NULL) ON CONFLICT DO NOTHING;
INSERT INTO public.executions VALUES ('ex://kube-DeploymentController-worker-01EJE645ZHBGMEF8RCXY1AXD3N', '2020-09-17 14:06:11.536307+00', '2020-09-17 14:05:08.465354+00', 'ex://kube-DeploymentController-Run-01EJE6425322VSZEH9NFVF1D0F', NULL, NULL, 'kube DC worker', NULL) ON CONFLICT DO NOTHING;
INSERT INTO public.executions VALUES ('ex://kube-DeploymentController-worker-01EJE645ZHBGMEF8RCY2YCXK6J', '2020-09-17 14:06:11.544312+00', '2020-09-17 14:05:08.46617+00', 'ex://kube-DeploymentController-Run-01EJE6425322VSZEH9NFVF1D0F', NULL, NULL, 'kube DC worker', NULL) ON CONFLICT DO NOTHING;
INSERT INTO public.executions VALUES ('ex://kube-DeploymentController-worker-01EJE645ZHBGMEF8RCXZ3T6F4G', '2020-09-17 14:06:11.550668+00', '2020-09-17 14:05:08.467136+00', 'ex://kube-DeploymentController-Run-01EJE6425322VSZEH9NFVF1D0F', NULL, NULL, 'kube DC worker', NULL) ON CONFLICT DO NOTHING;
INSERT INTO public.executions VALUES ('ex://kube-DeploymentController-worker-processNextWorkItem-01EJE648KGBC89JDWJM7CW7CZY', '2020-09-17 14:06:11.566355+00', '2020-09-17 14:05:11.153026+00', 'ex://kube-DeploymentController-worker-01EJE645ZKWP5W0BEA1TDGKE3D', NULL, NULL, 'kube DC process one', '2020-09-17 14:05:11.214317+00') ON CONFLICT DO NOTHING;
INSERT INTO public.executions VALUES ('ex://kube-DeploymentController-worker-processNextWorkItem-01EJE649MRPC9YNCNZT9NKHRPZ', '2020-09-17 14:06:11.611202+00', '2020-09-17 14:05:12.216931+00', 'ex://kube-DeploymentController-worker-01EJE645ZHBGMEF8RCXY1AXD3N', NULL, NULL, 'kube DC process one', '2020-09-17 14:05:12.25706+00') ON CONFLICT DO NOTHING;
INSERT INTO public.executions VALUES ('ex://kube-DeploymentController-worker-processNextWorkItem-01EJE649RZKVFXVBXGCQAY004N', '2020-09-17 14:06:11.641726+00', '2020-09-17 14:05:12.352016+00', 'ex://kube-DeploymentController-worker-01EJE645ZGAKENAZJ2BHTCNEE2', NULL, NULL, 'kube DC process one', '2020-09-17 14:05:12.375619+00') ON CONFLICT DO NOTHING;
INSERT INTO public.executions VALUES ('ex://kube-DeploymentController-worker-processNextWorkItem-01EJE64FXEKZJDDMS9T9BKHZX8', '2020-09-17 14:06:11.666468+00', '2020-09-17 14:05:18.63887+00', 'ex://kube-DeploymentController-worker-01EJE645ZHBGMEF8RCY2YCXK6J', NULL, NULL, 'kube DC process one', '2020-09-17 14:05:18.687514+00') ON CONFLICT DO NOTHING;
INSERT INTO public.executions VALUES ('ex://kube-DeploymentController-worker-processNextWorkItem-01EJE64G3ENCN6NCYYBFZFMDTR', '2020-09-17 14:06:11.690973+00', '2020-09-17 14:05:18.831187+00', 'ex://kube-DeploymentController-worker-01EJE645ZHBGMEF8RCXZ3T6F4G', NULL, NULL, 'kube DC process one', '2020-09-17 14:05:18.854553+00') ON CONFLICT DO NOTHING;
INSERT INTO public.executions VALUES ('ex://kube-DeploymentController-worker-processNextWorkItem-01EJE64H7ERMYC26MX535GVS7D', '2020-09-17 14:06:11.712768+00', '2020-09-17 14:05:19.98274+00', 'ex://kube-DeploymentController-worker-01EJE645ZKWP5W0BEA1TDGKE3D', NULL, NULL, 'kube DC process one', '2020-09-17 14:05:20.122716+00') ON CONFLICT DO NOTHING;
INSERT INTO public.executions VALUES ('ex://kube-DeploymentController-worker-processNextWorkItem-01EJE648NF4KTS29VG950F1H8J', '2020-09-17 14:06:11.730316+00', '2020-09-17 14:05:11.216048+00', 'ex://kube-DeploymentController-worker-01EJE645ZHBGMEF8RCY2YCXK6J', NULL, NULL, 'kube DC process one', '2020-09-17 14:05:11.238954+00') ON CONFLICT DO NOTHING;
INSERT INTO public.executions VALUES ('ex://kube-DeploymentController-worker-processNextWorkItem-01EJE649PQF57SAECBS5JDZ7PT', '2020-09-17 14:06:11.74808+00', '2020-09-17 14:05:12.279562+00', 'ex://kube-DeploymentController-worker-01EJE645ZHBGMEF8RCXZ3T6F4G', NULL, NULL, 'kube DC process one', '2020-09-17 14:05:12.350025+00') ON CONFLICT DO NOTHING;
INSERT INTO public.executions VALUES ('ex://kube-DeploymentController-worker-processNextWorkItem-01EJE64FG345M6WHZE0WWRZT8N', '2020-09-17 14:06:11.803319+00', '2020-09-17 14:05:18.211557+00', 'ex://kube-DeploymentController-worker-01EJE645ZKWP5W0BEA1TDGKE3D', NULL, NULL, 'kube DC process one', '2020-09-17 14:05:18.638662+00') ON CONFLICT DO NOTHING;
INSERT INTO public.executions VALUES ('ex://kube-DeploymentController-worker-processNextWorkItem-01EJE64G0ZP4ENCRMN9G4TRZ0W', '2020-09-17 14:06:11.835248+00', '2020-09-17 14:05:18.751217+00', 'ex://kube-DeploymentController-worker-01EJE645ZHBGMEF8RCXY1AXD3N', NULL, NULL, 'kube DC process one', '2020-09-17 14:05:18.82637+00') ON CONFLICT DO NOTHING;
INSERT INTO public.executions VALUES ('ex://kubectl-apply-builder-01EJE64FD0Y3AJ0XFKAJT42B1T', '2020-09-17 14:06:11.78144+00', '2020-09-17 14:05:18.113019+00', 'ex://kubectl-apply-01EJE64F0GZR453GWVWMBVWE8Q', NULL, NULL, 'kubectl apply resource building', '2020-09-17 14:05:19.777047+00') ON CONFLICT DO NOTHING;
INSERT INTO public.executions VALUES ('ex://kubectl-apply-one-01EJE64H198B667GRWTDR2D1BQ', '2020-09-17 14:06:11.928933+00', '2020-09-17 14:05:19.785186+00', 'ex://kubectl-apply-01EJE64F0GZR453GWVWMBVWE8Q', NULL, NULL, 'kubectl apply one', '2020-09-17 14:05:19.856202+00') ON CONFLICT DO NOTHING;
INSERT INTO public.executions VALUES ('ex://kube-DeploymentController-worker-processNextWorkItem-01EJE64H37WEY58MBMX8H5MWRN', '2020-09-17 14:06:11.984476+00', '2020-09-17 14:05:19.848019+00', 'ex://kube-DeploymentController-worker-01EJE645ZGAKENAZJ2BHTCNEE2', NULL, NULL, 'kube DC process one', '2020-09-17 14:05:19.982409+00') ON CONFLICT DO NOTHING;
INSERT INTO public.executions VALUES ('ex://kube-DeploymentController-worker-processNextWorkItem-01EJE64HBVA0KAFZ1W0FR9TENT', '2020-09-17 14:06:12.002653+00', '2020-09-17 14:05:20.124071+00', 'ex://kube-DeploymentController-worker-01EJE645ZHBGMEF8RCY2YCXK6J', NULL, NULL, 'kube DC process one', '2020-09-17 14:05:20.191931+00') ON CONFLICT DO NOTHING;
INSERT INTO public.executions VALUES ('ex://kube-DeploymentController-worker-processNextWorkItem-01EJE64HPE4K5Q2KJ721ERRDN5', '2020-09-17 14:06:12.019034+00', '2020-09-17 14:05:20.462925+00', 'ex://kube-DeploymentController-worker-01EJE645ZHBGMEF8RCXZ3T6F4G', NULL, NULL, 'kube DC process one', '2020-09-17 14:05:20.527647+00') ON CONFLICT DO NOTHING;
INSERT INTO public.executions VALUES ('ex://kube-DeploymentController-worker-processNextWorkItem-01EJE64W24B9731FM6VPT080RQ', '2020-09-17 14:06:12.059326+00', '2020-09-17 14:05:31.077091+00', 'ex://kube-DeploymentController-worker-01EJE645ZGAKENAZJ2BHTCNEE2', NULL, NULL, 'kube DC process one', '2020-09-17 14:05:31.10995+00') ON CONFLICT DO NOTHING;
INSERT INTO public.executions VALUES ('ex://kube-DeploymentController-worker-processNextWorkItem-01EJE64HE3M4Q5CE0Y45MBWRZT', '2020-09-17 14:06:12.076107+00', '2020-09-17 14:05:20.195687+00', 'ex://kube-DeploymentController-worker-01EJE645ZHBGMEF8RCXY1AXD3N', NULL, NULL, 'kube DC process one', '2020-09-17 14:05:20.447225+00') ON CONFLICT DO NOTHING;
INSERT INTO public.executions VALUES ('ex://kube-DeploymentController-worker-processNextWorkItem-01EJE64S1ACRWA8B9KRZ6CKC19', '2020-09-17 14:06:12.10932+00', '2020-09-17 14:05:27.978411+00', 'ex://kube-DeploymentController-worker-01EJE645ZHBGMEF8RCY2YCXK6J', NULL, NULL, 'kube DC process one', '2020-09-17 14:05:28.180804+00') ON CONFLICT DO NOTHING;
INSERT INTO public.executions VALUES ('ex://kube-DeploymentController-worker-processNextWorkItem-01EJE64VMPVBA3TQVYXBYWMK0S', '2020-09-17 14:06:12.133982+00', '2020-09-17 14:05:30.646524+00', 'ex://kube-DeploymentController-worker-01EJE645ZHBGMEF8RCXZ3T6F4G', NULL, NULL, 'kube DC process one', '2020-09-17 14:05:31.07382+00') ON CONFLICT DO NOTHING;
INSERT INTO public.executions VALUES ('ex://kube-DeploymentController-worker-processNextWorkItem-01EJE64WWF8RB8ZMQS6246BJC6', '2020-09-17 14:06:12.176492+00', '2020-09-17 14:05:31.919978+00', 'ex://kube-DeploymentController-worker-01EJE645ZHBGMEF8RCXY1AXD3N', NULL, NULL, 'kube DC process one', '2020-09-17 14:05:31.983059+00') ON CONFLICT DO NOTHING;
INSERT INTO public.executions VALUES ('ex://kubectl-apply-one-01EJE64J3DVW3HF3Y3ASQ03G5E', '2020-09-17 14:06:12.194445+00', '2020-09-17 14:05:20.877737+00', 'ex://kubectl-apply-01EJE64F0GZR453GWVWMBVWE8Q', NULL, NULL, 'kubectl apply one', '2020-09-17 14:05:21.729047+00') ON CONFLICT DO NOTHING;
INSERT INTO public.executions VALUES ('ex://kubectl-apply-one-01EJE64JY8CDGQRX426KAY4P40', '2020-09-17 14:06:12.240745+00', '2020-09-17 14:05:21.736426+00', 'ex://kubectl-apply-01EJE64F0GZR453GWVWMBVWE8Q', NULL, NULL, 'kubectl apply one', '2020-09-17 14:05:22.192264+00') ON CONFLICT DO NOTHING;
INSERT INTO public.executions VALUES ('ex://kubectl-apply-01EJE64F0GZR453GWVWMBVWE8Q', '2020-09-17 14:06:11.770939+00', '2020-09-17 14:05:17.712691+00', NULL, NULL, NULL, 'kubectl apply', '2020-09-17 14:05:22.204278+00') ON CONFLICT DO NOTHING;
INSERT INTO public.executions VALUES ('ex://kube-DeploymentController-worker-processNextWorkItem-01EJE64WQV84ZJHY14GE1F8VVH', '2020-09-17 14:06:12.159916+00', '2020-09-17 14:05:31.771743+00', 'ex://kube-DeploymentController-worker-01EJE645ZKWP5W0BEA1TDGKE3D', NULL, NULL, 'kube DC process one', '2020-09-17 14:05:31.849376+00') ON CONFLICT DO NOTHING;
INSERT INTO public.executions VALUES ('ex://kubectl-apply-one-01EJE64HA0HZ8RH0V9915XRS90', '2020-09-17 14:06:11.958697+00', '2020-09-17 14:05:20.064746+00', 'ex://kubectl-apply-01EJE64F0GZR453GWVWMBVWE8Q', NULL, NULL, 'kubectl apply one', '2020-09-17 14:05:20.851427+00') ON CONFLICT DO NOTHING;
INSERT INTO public.executions VALUES ('ex://kube-DeploymentController-worker-processNextWorkItem-01EJE64S7NNAK617SXDNJR0EXA', '2020-09-17 14:06:12.047906+00', '2020-09-17 14:05:28.181937+00', 'ex://kube-DeploymentController-worker-01EJE645ZHBGMEF8RCXY1AXD3N', NULL, NULL, 'kube DC process one', '2020-09-17 14:05:28.223001+00') ON CONFLICT DO NOTHING;
INSERT INTO public.executions VALUES ('ex://kube-DeploymentController-worker-processNextWorkItem-01EJE64HTSXRSMBDZZZBKS76NF', '2020-09-17 14:06:12.092482+00', '2020-09-17 14:05:20.601292+00', 'ex://kube-DeploymentController-worker-01EJE645ZGAKENAZJ2BHTCNEE2', NULL, NULL, 'kube DC process one', '2020-09-17 14:05:20.757784+00') ON CONFLICT DO NOTHING;
INSERT INTO public.executions VALUES ('ex://kube-DeploymentController-worker-processNextWorkItem-01EJE64HZPA527901M1JFD7WY5', '2020-09-17 14:06:12.097643+00', '2020-09-17 14:05:20.760234+00', 'ex://kube-DeploymentController-worker-01EJE645ZKWP5W0BEA1TDGKE3D', NULL, NULL, 'kube DC process one', '2020-09-17 14:05:20.845372+00') ON CONFLICT DO NOTHING;
INSERT INTO public.executions VALUES ('ex://kube-DeploymentController-worker-processNextWorkItem-01EJE64WTA8Z076SHQRMNJ9TZQ', '2020-09-17 14:06:12.289893+00', '2020-09-17 14:05:31.850899+00', 'ex://kube-DeploymentController-worker-01EJE645ZHBGMEF8RCY2YCXK6J', NULL, NULL, 'kube DC process one', '2020-09-17 14:05:31.88214+00') ON CONFLICT DO NOTHING;
INSERT INTO public.executions VALUES ('ex://kube-DeploymentController-worker-processNextWorkItem-01EJE64WYFMGAJ6QA7SHA3RZ8C', '2020-09-17 14:06:12.313785+00', '2020-09-17 14:05:31.983958+00', 'ex://kube-DeploymentController-worker-01EJE645ZHBGMEF8RCXZ3T6F4G', NULL, NULL, 'kube DC process one', '2020-09-17 14:05:32.08514+00') ON CONFLICT DO NOTHING;
INSERT INTO public.executions VALUES ('ex://kube-DeploymentController-worker-processNextWorkItem-01EJE64X1PRWWDPQRFEGHEWBCQ', '2020-09-17 14:06:11.846458+00', '2020-09-17 14:05:32.086371+00', 'ex://kube-DeploymentController-worker-01EJE645ZGAKENAZJ2BHTCNEE2', NULL, NULL, 'kube DC process one', '2020-09-17 14:05:32.163008+00') ON CONFLICT DO NOTHING;
INSERT INTO public.executions VALUES ('ex://kube-DeploymentController-worker-processNextWorkItem-01EJE64YSCJZ75BCEVZ8G5N0JZ', '2020-09-17 14:06:12.343653+00', '2020-09-17 14:05:33.868901+00', 'ex://kube-DeploymentController-worker-01EJE645ZHBGMEF8RCY2YCXK6J', NULL, NULL, 'kube DC process one', '2020-09-17 14:05:33.921069+00') ON CONFLICT DO NOTHING;
INSERT INTO public.executions VALUES ('ex://kube-DeploymentController-worker-processNextWorkItem-01EJE64YXJ9GR1G6N93T7F8Z3B', '2020-09-17 14:06:12.365155+00', '2020-09-17 14:05:34.002964+00', 'ex://kube-DeploymentController-worker-01EJE645ZHBGMEF8RCXZ3T6F4G', NULL, NULL, 'kube DC process one', '2020-09-17 14:05:34.060472+00') ON CONFLICT DO NOTHING;
INSERT INTO public.executions VALUES ('ex://kube-DeploymentController-worker-processNextWorkItem-01EJE64Z0N76C9APZ7TFFFHYK6', '2020-09-17 14:06:12.381166+00', '2020-09-17 14:05:34.101677+00', 'ex://kube-DeploymentController-worker-01EJE645ZKWP5W0BEA1TDGKE3D', NULL, NULL, 'kube DC process one', '2020-09-17 14:05:34.149908+00') ON CONFLICT DO NOTHING;
INSERT INTO public.executions VALUES ('ex://kube-DeploymentController-worker-processNextWorkItem-01EJE64ZCDTQ0E6F12RP85R9J1', '2020-09-17 14:06:12.395137+00', '2020-09-17 14:05:34.478074+00', 'ex://kube-DeploymentController-worker-01EJE645ZHBGMEF8RCXY1AXD3N', NULL, NULL, 'kube DC process one', '2020-09-17 14:05:34.527991+00') ON CONFLICT DO NOTHING;
INSERT INTO public.executions VALUES ('ex://kube-DeploymentController-worker-processNextWorkItem-01EJE64X43MRNP8FD5EF4PRZ7B', '2020-09-17 14:06:12.418268+00', '2020-09-17 14:05:32.164287+00', 'ex://kube-DeploymentController-worker-01EJE645ZKWP5W0BEA1TDGKE3D', NULL, NULL, 'kube DC process one', '2020-09-17 14:05:32.212346+00') ON CONFLICT DO NOTHING;
INSERT INTO public.executions VALUES ('ex://kube-DeploymentController-worker-processNextWorkItem-01EJE64YV2A12Q65VYMY2GYC51', '2020-09-17 14:06:12.43356+00', '2020-09-17 14:05:33.92259+00', 'ex://kube-DeploymentController-worker-01EJE645ZHBGMEF8RCXY1AXD3N', NULL, NULL, 'kube DC process one', '2020-09-17 14:05:33.951623+00') ON CONFLICT DO NOTHING;
INSERT INTO public.executions VALUES ('ex://kube-DeploymentController-worker-processNextWorkItem-01EJE64YZC3HGAHX7Q6HTNJMHG', '2020-09-17 14:06:12.450563+00', '2020-09-17 14:05:34.060832+00', 'ex://kube-DeploymentController-worker-01EJE645ZGAKENAZJ2BHTCNEE2', NULL, NULL, 'kube DC process one', '2020-09-17 14:05:34.095649+00') ON CONFLICT DO NOTHING;
INSERT INTO public.executions VALUES ('ex://kube-DeploymentController-worker-processNextWorkItem-01EJE64Z258YCFC25GEM3QDWEP', '2020-09-17 14:06:12.468296+00', '2020-09-17 14:05:34.150113+00', 'ex://kube-DeploymentController-worker-01EJE645ZHBGMEF8RCY2YCXK6J', NULL, NULL, 'kube DC process one', '2020-09-17 14:05:34.172229+00') ON CONFLICT DO NOTHING;
INSERT INTO public.executions VALUES ('ex://kube-DeploymentController-worker-processNextWorkItem-01EJE64ZE01V19XN6DTMK18N4F', '2020-09-17 14:06:12.485015+00', '2020-09-17 14:05:34.528939+00', 'ex://kube-DeploymentController-worker-01EJE645ZHBGMEF8RCXZ3T6F4G', NULL, NULL, 'kube DC process one', '2020-09-17 14:05:34.554728+00') ON CONFLICT DO NOTHING;
INSERT INTO public.executions VALUES ('ex://kube-DeploymentController-worker-processNextWorkItem-01EJE648DF1P02JDNSD5HV122S', '2020-09-17 14:06:18.927478+00', '2020-09-17 14:05:10.959563+00', 'ex://kube-DeploymentController-worker-01EJE645ZGAKENAZJ2BHTCNEE2', NULL, NULL, 'kube DC process one', '2020-09-17 14:05:11.152703+00') ON CONFLICT DO NOTHING;


--
-- Data for Name: incarnations; Type: TABLE DATA; Schema: public; Owner: tenmo
--

INSERT INTO public.incarnations VALUES ('i://file:///dev/null?ulid=01EJE63ZQPAZG6JS3TJ5WTGGZG', '2020-09-17 14:06:11.445429+00', 'en://file:///dev/null', NULL, 'file /dev/null') ON CONFLICT DO NOTHING;
INSERT INTO public.incarnations VALUES ('i://file:///dev/null?ulid=01EJE6404VRQ5GV6MK7QDABCCY', '2020-09-17 14:06:11.472063+00', 'en://file:///dev/null', NULL, 'file /dev/null') ON CONFLICT DO NOTHING;
INSERT INTO public.incarnations VALUES ('i://in-memory-https://192.168.1.1/api/v1/namespaces/default/configmaps/nginx-static?ulid=01EJE64H0H299GQ9ZX5ZCX35FC', '2020-09-17 14:06:11.906598+00', 'en://in-memory-https://192.168.1.1/api/v1/namespaces/default/configmaps/nginx-static', 'ex://kubectl-apply-builder-01EJE64FD0Y3AJ0XFKAJT42B1T', 'in-memory resource https://192.168.1.1/api/v1/namespaces/default/configmaps/nginx-static') ON CONFLICT DO NOTHING;
INSERT INTO public.incarnations VALUES ('i://https://192.168.1.1/api/v1/namespaces/default/configmaps/nginx-static?ulid=01EJE64JF3KMX0A7HPCG5JB0MZ', '2020-09-17 14:06:12.214165+00', 'en://https://192.168.1.1/api/v1/namespaces/default/configmaps/nginx-static', NULL, 'resource configmaps/nginx-static') ON CONFLICT DO NOTHING;
INSERT INTO public.incarnations VALUES ('i://file:///nix/store/zs5f4p4lr4hkmipfz3xfgzs0saq0aw3w-kubenix-generated.json?ulid=01EJE64FDC22EB2KFR1QEHWPHX', '2020-09-17 14:06:11.792142+00', 'en://file:///nix/store/zs5f4p4lr4hkmipfz3xfgzs0saq0aw3w-kubenix-generated.json', NULL, 'file /nix/store/zs5f4p4lr4hkmipfz3xfgzs0saq0aw3w-kubenix-generated.json') ON CONFLICT DO NOTHING;
INSERT INTO public.incarnations VALUES ('i://https://192.168.1.1/api/v1/namespaces/default/configmaps/nginx-static?ulid=01EJE64JRXQDJRY59YMGXK30KA', '2020-09-17 14:06:12.22341+00', 'en://https://192.168.1.1/api/v1/namespaces/default/configmaps/nginx-static', 'ex://kubectl-apply-one-01EJE64J3DVW3HF3Y3ASQ03G5E', 'resource configmaps/nginx-static') ON CONFLICT DO NOTHING;
INSERT INTO public.incarnations VALUES ('i://in-memory-/apis/apps/v1/namespaces/default/deployments/nginx?ulid=01EJE64GZVYA5B4RH225HSW2V5', '2020-09-17 14:06:11.879006+00', 'en://in-memory-/apis/apps/v1/namespaces/default/deployments/nginx', 'ex://kubectl-apply-builder-01EJE64FD0Y3AJ0XFKAJT42B1T', 'in-memory resource /apis/apps/v1/namespaces/default/deployments/nginx') ON CONFLICT DO NOTHING;
INSERT INTO public.incarnations VALUES ('i:///apis/apps/v1/namespaces/default/deployments/nginx?ulid=01EJE64H1R5ADMET2MNQAPG8MR', '2020-09-17 14:06:11.940409+00', 'en:///apis/apps/v1/namespaces/default/deployments/nginx', NULL, 'resource deployments/nginx') ON CONFLICT DO NOTHING;
INSERT INTO public.incarnations VALUES ('i:///apis/apps/v1/namespaces/default/deployments/nginx?ulid=01EJE64H39ZMZCKWEYG42YVGSE', '2020-09-17 14:06:11.9469+00', 'en:///apis/apps/v1/namespaces/default/deployments/nginx', 'ex://kubectl-apply-one-01EJE64H198B667GRWTDR2D1BQ', 'resource deployments/nginx') ON CONFLICT DO NOTHING;
INSERT INTO public.incarnations VALUES ('i://in-memory-https://192.168.1.1/api/v1/namespaces/default/configmaps/nginx-config?ulid=01EJE64H03BKVRQPC3BTVYW093', '2020-09-17 14:06:11.896645+00', 'en://in-memory-https://192.168.1.1/api/v1/namespaces/default/configmaps/nginx-config', 'ex://kubectl-apply-builder-01EJE64FD0Y3AJ0XFKAJT42B1T', 'in-memory resource https://192.168.1.1/api/v1/namespaces/default/configmaps/nginx-config') ON CONFLICT DO NOTHING;
INSERT INTO public.incarnations VALUES ('i://https://192.168.1.1/api/v1/namespaces/default/configmaps/nginx-config?ulid=01EJE64HC2PGMTTNJFBD11F9SQ', '2020-09-17 14:06:11.971249+00', 'en://https://192.168.1.1/api/v1/namespaces/default/configmaps/nginx-config', NULL, 'resource configmaps/nginx-config') ON CONFLICT DO NOTHING;
INSERT INTO public.incarnations VALUES ('i://https://192.168.1.1/api/v1/namespaces/default/configmaps/nginx-config?ulid=01EJE64HRM5ZQH6Y2V42QASTQV', '2020-09-17 14:06:11.978096+00', 'en://https://192.168.1.1/api/v1/namespaces/default/configmaps/nginx-config', 'ex://kubectl-apply-one-01EJE64HA0HZ8RH0V9915XRS90', 'resource configmaps/nginx-config') ON CONFLICT DO NOTHING;
INSERT INTO public.incarnations VALUES ('i://in-memory-https://192.168.1.1/api/v1/namespaces/default/services/nginx?ulid=01EJE64H0TKVQZMS8NENEXNRWZ', '2020-09-17 14:06:11.914719+00', 'en://in-memory-https://192.168.1.1/api/v1/namespaces/default/services/nginx', 'ex://kubectl-apply-builder-01EJE64FD0Y3AJ0XFKAJT42B1T', 'in-memory resource https://192.168.1.1/api/v1/namespaces/default/services/nginx') ON CONFLICT DO NOTHING;
INSERT INTO public.incarnations VALUES ('i://https://192.168.1.1/api/v1/namespaces/default/services/nginx?ulid=01EJE64JYTEC0HGP7MZYCVPP11', '2020-09-17 14:06:12.257372+00', 'en://https://192.168.1.1/api/v1/namespaces/default/services/nginx', NULL, 'resource services/nginx') ON CONFLICT DO NOTHING;
INSERT INTO public.incarnations VALUES ('i://https://192.168.1.1/api/v1/namespaces/default/services/nginx?ulid=01EJE64K8TAWAPMTCXBGXHWX8Y', '2020-09-17 14:06:12.265197+00', 'en://https://192.168.1.1/api/v1/namespaces/default/services/nginx', 'ex://kubectl-apply-one-01EJE64JY8CDGQRX426KAY4P40', 'resource services/nginx') ON CONFLICT DO NOTHING;
INSERT INTO public.incarnations VALUES ('i:///apis/apps/v1/namespaces/default/deployments/nginx?gen=1', '2020-09-17 14:06:11.995889+00', 'en:///apis/apps/v1/namespaces/default/deployments/nginx', NULL, 'deployment nginx') ON CONFLICT DO NOTHING;
INSERT INTO public.incarnations VALUES ('i:///apis/apps/v1/namespaces/kube-system/deployments/coredns?gen=1', '2020-09-17 14:06:11.572273+00', 'en:///apis/apps/v1/namespaces/kube-system/deployments/coredns', NULL, 'deployment coredns') ON CONFLICT DO NOTHING;


--
-- Data for Name: migrations; Type: TABLE DATA; Schema: public; Owner: tenmo
--



--
-- Data for Name: operations; Type: TABLE DATA; Schema: public; Owner: tenmo
--

INSERT INTO public.operations VALUES ('01EJE63ZQPAZG6JS3TJ6YGSYVY', '2020-09-17 14:06:11.445429+00', '2020-09-17 14:05:02.070277+00', 'ex://kubectl-apply-builder-01EJE63ZQF5GHBCT3PRM08VKTP', 'r', 'en://file:///dev/null', 'i://file:///dev/null?ulid=01EJE63ZQPAZG6JS3TJ5WTGGZG', 'file /dev/null', 'file /dev/null') ON CONFLICT DO NOTHING;
INSERT INTO public.operations VALUES ('01EJE6404VRQ5GV6MK7S4RBAWG', '2020-09-17 14:06:11.472063+00', '2020-09-17 14:05:02.491436+00', 'ex://kubectl-apply-builder-01EJE6404NH73EF4008DY2Q0RS', 'r', 'en://file:///dev/null', 'i://file:///dev/null?ulid=01EJE6404VRQ5GV6MK7QDABCCY', 'file /dev/null', 'file /dev/null') ON CONFLICT DO NOTHING;
INSERT INTO public.operations VALUES ('01EJE648MA462ZPPRBP0ET2H60', '2020-09-17 14:06:11.572273+00', '2020-09-17 14:05:11.178881+00', 'ex://kube-DeploymentController-worker-processNextWorkItem-01EJE648KGBC89JDWJM7CW7CZY', 'r', 'en:///apis/apps/v1/namespaces/kube-system/deployments/coredns', 'i:///apis/apps/v1/namespaces/kube-system/deployments/coredns?gen=1', 'deployment coredns', 'deployment coredns') ON CONFLICT DO NOTHING;
INSERT INTO public.operations VALUES ('01EJE649N9EPA4G99KA95KRBKE', '2020-09-17 14:06:11.742383+00', '2020-09-17 14:05:12.233815+00', 'ex://kube-DeploymentController-worker-processNextWorkItem-01EJE649MRPC9YNCNZT9NKHRPZ', 'r', 'en:///apis/apps/v1/namespaces/kube-system/deployments/coredns', 'i:///apis/apps/v1/namespaces/kube-system/deployments/coredns?gen=1', 'deployment coredns', 'deployment coredns') ON CONFLICT DO NOTHING;
INSERT INTO public.operations VALUES ('01EJE649SE4VA3MGAV8K3T9AF4', '2020-09-17 14:06:11.759805+00', '2020-09-17 14:05:12.367116+00', 'ex://kube-DeploymentController-worker-processNextWorkItem-01EJE649RZKVFXVBXGCQAY004N', 'r', 'en:///apis/apps/v1/namespaces/kube-system/deployments/coredns', 'i:///apis/apps/v1/namespaces/kube-system/deployments/coredns?gen=1', 'deployment coredns', 'deployment coredns') ON CONFLICT DO NOTHING;
INSERT INTO public.operations VALUES ('01EJE64FDHT79T7R5SGWEZ2KG2', '2020-09-17 14:06:11.792142+00', '2020-09-17 14:05:18.129452+00', 'ex://kubectl-apply-builder-01EJE64FD0Y3AJ0XFKAJT42B1T', 'r', 'en://file:///nix/store/zs5f4p4lr4hkmipfz3xfgzs0saq0aw3w-kubenix-generated.json', 'i://file:///nix/store/zs5f4p4lr4hkmipfz3xfgzs0saq0aw3w-kubenix-generated.json?ulid=01EJE64FDC22EB2KFR1QEHWPHX', 'file /nix/store/zs5f4p4lr4hkmipfz3xfgzs0saq0aw3w-kubenix-generated.json', 'file /nix/store/zs5f4p4lr4hkmipfz3xfgzs0saq0aw3w-kubenix-generated.json') ON CONFLICT DO NOTHING;
INSERT INTO public.operations VALUES ('01EJE64FYE56R77KAQNN8CNNZB', '2020-09-17 14:06:11.824295+00', '2020-09-17 14:05:18.670208+00', 'ex://kube-DeploymentController-worker-processNextWorkItem-01EJE64FXEKZJDDMS9T9BKHZX8', 'r', 'en:///apis/apps/v1/namespaces/kube-system/deployments/coredns', 'i:///apis/apps/v1/namespaces/kube-system/deployments/coredns?gen=1', 'deployment coredns', 'deployment coredns') ON CONFLICT DO NOTHING;
INSERT INTO public.operations VALUES ('01EJE64G3WRF3S1NB9MSSCM4D2', '2020-09-17 14:06:11.863948+00', '2020-09-17 14:05:18.844938+00', 'ex://kube-DeploymentController-worker-processNextWorkItem-01EJE64G3ENCN6NCYYBFZFMDTR', 'r', 'en:///apis/apps/v1/namespaces/kube-system/deployments/coredns', 'i:///apis/apps/v1/namespaces/kube-system/deployments/coredns?gen=1', 'deployment coredns', 'deployment coredns') ON CONFLICT DO NOTHING;
INSERT INTO public.operations VALUES ('01EJE64GZVYA5B4RH227GV2VCR', '2020-09-17 14:06:11.879006+00', '2020-09-17 14:05:19.739719+00', 'ex://kubectl-apply-builder-01EJE64FD0Y3AJ0XFKAJT42B1T', 'w', 'en://in-memory-/apis/apps/v1/namespaces/default/deployments/nginx', 'i://in-memory-/apis/apps/v1/namespaces/default/deployments/nginx?ulid=01EJE64GZVYA5B4RH225HSW2V5', 'in-memory resource /apis/apps/v1/namespaces/default/deployments/nginx', 'in-memory resource /apis/apps/v1/namespaces/default/deployments/nginx') ON CONFLICT DO NOTHING;
INSERT INTO public.operations VALUES ('01EJE64H03BKVRQPC3BWNV3TWF', '2020-09-17 14:06:11.896645+00', '2020-09-17 14:05:19.747838+00', 'ex://kubectl-apply-builder-01EJE64FD0Y3AJ0XFKAJT42B1T', 'w', 'en://in-memory-https://192.168.1.1/api/v1/namespaces/default/configmaps/nginx-config', 'i://in-memory-https://192.168.1.1/api/v1/namespaces/default/configmaps/nginx-config?ulid=01EJE64H03BKVRQPC3BTVYW093', 'in-memory resource https://192.168.1.1/api/v1/namespaces/default/configmaps/nginx-config', 'in-memory resource https://192.168.1.1/api/v1/namespaces/default/configmaps/nginx-config') ON CONFLICT DO NOTHING;
INSERT INTO public.operations VALUES ('01EJE64H0H299GQ9ZX610YQFFZ', '2020-09-17 14:06:11.906598+00', '2020-09-17 14:05:19.7617+00', 'ex://kubectl-apply-builder-01EJE64FD0Y3AJ0XFKAJT42B1T', 'w', 'en://in-memory-https://192.168.1.1/api/v1/namespaces/default/configmaps/nginx-static', 'i://in-memory-https://192.168.1.1/api/v1/namespaces/default/configmaps/nginx-static?ulid=01EJE64H0H299GQ9ZX5ZCX35FC', 'in-memory resource https://192.168.1.1/api/v1/namespaces/default/configmaps/nginx-static', 'in-memory resource https://192.168.1.1/api/v1/namespaces/default/configmaps/nginx-static') ON CONFLICT DO NOTHING;
INSERT INTO public.operations VALUES ('01EJE64H0TKVQZMS8NEQFE6BD0', '2020-09-17 14:06:11.914719+00', '2020-09-17 14:05:19.770821+00', 'ex://kubectl-apply-builder-01EJE64FD0Y3AJ0XFKAJT42B1T', 'w', 'en://in-memory-https://192.168.1.1/api/v1/namespaces/default/services/nginx', 'i://in-memory-https://192.168.1.1/api/v1/namespaces/default/services/nginx?ulid=01EJE64H0TKVQZMS8NENEXNRWZ', 'in-memory resource https://192.168.1.1/api/v1/namespaces/default/services/nginx', 'in-memory resource https://192.168.1.1/api/v1/namespaces/default/services/nginx') ON CONFLICT DO NOTHING;
INSERT INTO public.operations VALUES ('01EJE64H1HFCYJDKPXADJE6A8B', '2020-09-17 14:06:11.934274+00', '2020-09-17 14:05:19.794085+00', 'ex://kubectl-apply-one-01EJE64H198B667GRWTDR2D1BQ', 'r', 'en://in-memory-/apis/apps/v1/namespaces/default/deployments/nginx', 'i://in-memory-/apis/apps/v1/namespaces/default/deployments/nginx?ulid=01EJE64GZVYA5B4RH225HSW2V5', 'in-memory resource /apis/apps/v1/namespaces/default/deployments/nginx', 'in-memory resource /apis/apps/v1/namespaces/default/deployments/nginx') ON CONFLICT DO NOTHING;
INSERT INTO public.operations VALUES ('01EJE64H2AKC0YTQXZW4AH7W9Q', '2020-09-17 14:06:11.940409+00', '2020-09-17 14:05:19.818674+00', 'ex://kubectl-apply-one-01EJE64H198B667GRWTDR2D1BQ', 'r', 'en:///apis/apps/v1/namespaces/default/deployments/nginx', 'i:///apis/apps/v1/namespaces/default/deployments/nginx?ulid=01EJE64H1R5ADMET2MNQAPG8MR', 'resource deployments/nginx', 'resource deployments/nginx') ON CONFLICT DO NOTHING;
INSERT INTO public.operations VALUES ('01EJE64H39ZMZCKWEYG5YEVNAJ', '2020-09-17 14:06:11.9469+00', '2020-09-17 14:05:19.850004+00', 'ex://kubectl-apply-one-01EJE64H198B667GRWTDR2D1BQ', 'w', 'en:///apis/apps/v1/namespaces/default/deployments/nginx', 'i:///apis/apps/v1/namespaces/default/deployments/nginx?ulid=01EJE64H39ZMZCKWEYG42YVGSE', 'resource deployments/nginx', 'resource deployments/nginx') ON CONFLICT DO NOTHING;
INSERT INTO public.operations VALUES ('01EJE64HAYQKEN2R0T4F48TCS0', '2020-09-17 14:06:11.964542+00', '2020-09-17 14:05:20.094532+00', 'ex://kubectl-apply-one-01EJE64HA0HZ8RH0V9915XRS90', 'r', 'en://in-memory-https://192.168.1.1/api/v1/namespaces/default/configmaps/nginx-config', 'i://in-memory-https://192.168.1.1/api/v1/namespaces/default/configmaps/nginx-config?ulid=01EJE64H03BKVRQPC3BTVYW093', 'in-memory resource https://192.168.1.1/api/v1/namespaces/default/configmaps/nginx-config', 'in-memory resource https://192.168.1.1/api/v1/namespaces/default/configmaps/nginx-config') ON CONFLICT DO NOTHING;
INSERT INTO public.operations VALUES ('01EJE64HD26PC1H4SZGEX4XBJK', '2020-09-17 14:06:11.971249+00', '2020-09-17 14:05:20.162058+00', 'ex://kubectl-apply-one-01EJE64HA0HZ8RH0V9915XRS90', 'r', 'en://https://192.168.1.1/api/v1/namespaces/default/configmaps/nginx-config', 'i://https://192.168.1.1/api/v1/namespaces/default/configmaps/nginx-config?ulid=01EJE64HC2PGMTTNJFBD11F9SQ', 'resource configmaps/nginx-config', 'resource configmaps/nginx-config') ON CONFLICT DO NOTHING;
INSERT INTO public.operations VALUES ('01EJE64HRM5ZQH6Y2V435JEWNK', '2020-09-17 14:06:11.978096+00', '2020-09-17 14:05:20.5323+00', 'ex://kubectl-apply-one-01EJE64HA0HZ8RH0V9915XRS90', 'w', 'en://https://192.168.1.1/api/v1/namespaces/default/configmaps/nginx-config', 'i://https://192.168.1.1/api/v1/namespaces/default/configmaps/nginx-config?ulid=01EJE64HRM5ZQH6Y2V42QASTQV', 'resource configmaps/nginx-config', 'resource configmaps/nginx-config') ON CONFLICT DO NOTHING;
INSERT INTO public.operations VALUES ('01EJE64H86ZT28B4Z87QDXD7Y9', '2020-09-17 14:06:11.995889+00', '2020-09-17 14:05:20.006292+00', 'ex://kube-DeploymentController-worker-processNextWorkItem-01EJE64H7ERMYC26MX535GVS7D', 'r', 'en:///apis/apps/v1/namespaces/default/deployments/nginx', 'i:///apis/apps/v1/namespaces/default/deployments/nginx?gen=1', 'deployment nginx', 'deployment nginx') ON CONFLICT DO NOTHING;
INSERT INTO public.operations VALUES ('01EJE64HQE4V46EVKHV4WP9QND', '2020-09-17 14:06:12.087035+00', '2020-09-17 14:05:20.495082+00', 'ex://kube-DeploymentController-worker-processNextWorkItem-01EJE64HPE4K5Q2KJ721ERRDN5', 'r', 'en:///apis/apps/v1/namespaces/default/deployments/nginx', 'i:///apis/apps/v1/namespaces/default/deployments/nginx?gen=1', 'deployment nginx', 'deployment nginx') ON CONFLICT DO NOTHING;
INSERT INTO public.operations VALUES ('01EJE64J0HPWTGY5WYJYTMK21Q', '2020-09-17 14:06:12.103002+00', '2020-09-17 14:05:20.785866+00', 'ex://kube-DeploymentController-worker-processNextWorkItem-01EJE64HZPA527901M1JFD7WY5', 'r', 'en:///apis/apps/v1/namespaces/default/deployments/nginx', 'i:///apis/apps/v1/namespaces/default/deployments/nginx?gen=1', 'deployment nginx', 'deployment nginx') ON CONFLICT DO NOTHING;
INSERT INTO public.operations VALUES ('01EJE64S8B39CR0TRN009A1P62', '2020-09-17 14:06:12.124545+00', '2020-09-17 14:05:28.203864+00', 'ex://kube-DeploymentController-worker-processNextWorkItem-01EJE64S7NNAK617SXDNJR0EXA', 'r', 'en:///apis/apps/v1/namespaces/default/deployments/nginx', 'i:///apis/apps/v1/namespaces/default/deployments/nginx?gen=1', 'deployment nginx', 'deployment nginx') ON CONFLICT DO NOTHING;
INSERT INTO public.operations VALUES ('01EJE64W2TK9911M5DNG8CRF1X', '2020-09-17 14:06:12.150714+00', '2020-09-17 14:05:31.09907+00', 'ex://kube-DeploymentController-worker-processNextWorkItem-01EJE64W24B9731FM6VPT080RQ', 'r', 'en:///apis/apps/v1/namespaces/default/deployments/nginx', 'i:///apis/apps/v1/namespaces/default/deployments/nginx?gen=1', 'deployment nginx', 'deployment nginx') ON CONFLICT DO NOTHING;
INSERT INTO public.operations VALUES ('01EJE64J3VZ5A5X6GAXN34XN5H', '2020-09-17 14:06:12.204223+00', '2020-09-17 14:05:20.89192+00', 'ex://kubectl-apply-one-01EJE64J3DVW3HF3Y3ASQ03G5E', 'r', 'en://in-memory-https://192.168.1.1/api/v1/namespaces/default/configmaps/nginx-static', 'i://in-memory-https://192.168.1.1/api/v1/namespaces/default/configmaps/nginx-static?ulid=01EJE64H0H299GQ9ZX5ZCX35FC', 'in-memory resource https://192.168.1.1/api/v1/namespaces/default/configmaps/nginx-static', 'in-memory resource https://192.168.1.1/api/v1/namespaces/default/configmaps/nginx-static') ON CONFLICT DO NOTHING;
INSERT INTO public.operations VALUES ('01EJE64JG0V8RX7ASB5SWHJWB8', '2020-09-17 14:06:12.214165+00', '2020-09-17 14:05:21.2808+00', 'ex://kubectl-apply-one-01EJE64J3DVW3HF3Y3ASQ03G5E', 'r', 'en://https://192.168.1.1/api/v1/namespaces/default/configmaps/nginx-static', 'i://https://192.168.1.1/api/v1/namespaces/default/configmaps/nginx-static?ulid=01EJE64JF3KMX0A7HPCG5JB0MZ', 'resource configmaps/nginx-static', 'resource configmaps/nginx-static') ON CONFLICT DO NOTHING;
INSERT INTO public.operations VALUES ('01EJE64JRXQDJRY59YMH31044T', '2020-09-17 14:06:12.22341+00', '2020-09-17 14:05:21.565698+00', 'ex://kubectl-apply-one-01EJE64J3DVW3HF3Y3ASQ03G5E', 'w', 'en://https://192.168.1.1/api/v1/namespaces/default/configmaps/nginx-static', 'i://https://192.168.1.1/api/v1/namespaces/default/configmaps/nginx-static?ulid=01EJE64JRXQDJRY59YMGXK30KA', 'resource configmaps/nginx-static', 'resource configmaps/nginx-static') ON CONFLICT DO NOTHING;
INSERT INTO public.operations VALUES ('01EJE64JYFCBVG8W7T8MNW9V3Q', '2020-09-17 14:06:12.249531+00', '2020-09-17 14:05:21.743148+00', 'ex://kubectl-apply-one-01EJE64JY8CDGQRX426KAY4P40', 'r', 'en://in-memory-https://192.168.1.1/api/v1/namespaces/default/services/nginx', 'i://in-memory-https://192.168.1.1/api/v1/namespaces/default/services/nginx?ulid=01EJE64H0TKVQZMS8NENEXNRWZ', 'in-memory resource https://192.168.1.1/api/v1/namespaces/default/services/nginx', 'in-memory resource https://192.168.1.1/api/v1/namespaces/default/services/nginx') ON CONFLICT DO NOTHING;
INSERT INTO public.operations VALUES ('01EJE64K3AHGRW3J0W70ZZC2B0', '2020-09-17 14:06:12.257372+00', '2020-09-17 14:05:21.898904+00', 'ex://kubectl-apply-one-01EJE64JY8CDGQRX426KAY4P40', 'r', 'en://https://192.168.1.1/api/v1/namespaces/default/services/nginx', 'i://https://192.168.1.1/api/v1/namespaces/default/services/nginx?ulid=01EJE64JYTEC0HGP7MZYCVPP11', 'resource services/nginx', 'resource services/nginx') ON CONFLICT DO NOTHING;
INSERT INTO public.operations VALUES ('01EJE64K8TAWAPMTCXBMFKG26Z', '2020-09-17 14:06:12.265197+00', '2020-09-17 14:05:22.075019+00', 'ex://kubectl-apply-one-01EJE64JY8CDGQRX426KAY4P40', 'w', 'en://https://192.168.1.1/api/v1/namespaces/default/services/nginx', 'i://https://192.168.1.1/api/v1/namespaces/default/services/nginx?ulid=01EJE64K8TAWAPMTCXBGXHWX8Y', 'resource services/nginx', 'resource services/nginx') ON CONFLICT DO NOTHING;
INSERT INTO public.operations VALUES ('01EJE64WX0FBR9AFG3KAZ6NSK1', '2020-09-17 14:06:12.305465+00', '2020-09-17 14:05:31.936896+00', 'ex://kube-DeploymentController-worker-processNextWorkItem-01EJE64WWF8RB8ZMQS6246BJC6', 'r', 'en:///apis/apps/v1/namespaces/default/deployments/nginx', 'i:///apis/apps/v1/namespaces/default/deployments/nginx?gen=1', 'deployment nginx', 'deployment nginx') ON CONFLICT DO NOTHING;
INSERT INTO public.operations VALUES ('01EJE64WZC3E2MKVE4EM8J59ZZ', '2020-09-17 14:06:12.406266+00', '2020-09-17 14:05:32.016522+00', 'ex://kube-DeploymentController-worker-processNextWorkItem-01EJE64WYFMGAJ6QA7SHA3RZ8C', 'r', 'en:///apis/apps/v1/namespaces/default/deployments/nginx', 'i:///apis/apps/v1/namespaces/default/deployments/nginx?gen=1', 'deployment nginx', 'deployment nginx') ON CONFLICT DO NOTHING;
INSERT INTO public.operations VALUES ('01EJE64X2C5YZ699DSKAYY1CBC', '2020-09-17 14:06:12.411913+00', '2020-09-17 14:05:32.109049+00', 'ex://kube-DeploymentController-worker-processNextWorkItem-01EJE64X1PRWWDPQRFEGHEWBCQ', 'r', 'en:///apis/apps/v1/namespaces/default/deployments/nginx', 'i:///apis/apps/v1/namespaces/default/deployments/nginx?gen=1', 'deployment nginx', 'deployment nginx') ON CONFLICT DO NOTHING;
INSERT INTO public.operations VALUES ('01EJE64YSP92MZARECXYV3BQNQ', '2020-09-17 14:06:12.428225+00', '2020-09-17 14:05:33.879043+00', 'ex://kube-DeploymentController-worker-processNextWorkItem-01EJE64YSCJZ75BCEVZ8G5N0JZ', 'r', 'en:///apis/apps/v1/namespaces/default/deployments/nginx', 'i:///apis/apps/v1/namespaces/default/deployments/nginx?gen=1', 'deployment nginx', 'deployment nginx') ON CONFLICT DO NOTHING;
INSERT INTO public.operations VALUES ('01EJE64YXY3FQM0SXEB5Z6H7KT', '2020-09-17 14:06:12.44467+00', '2020-09-17 14:05:34.014961+00', 'ex://kube-DeploymentController-worker-processNextWorkItem-01EJE64YXJ9GR1G6N93T7F8Z3B', 'r', 'en:///apis/apps/v1/namespaces/default/deployments/nginx', 'i:///apis/apps/v1/namespaces/default/deployments/nginx?gen=1', 'deployment nginx', 'deployment nginx') ON CONFLICT DO NOTHING;
INSERT INTO public.operations VALUES ('01EJE64Z1542KX11NA9V06B2B2', '2020-09-17 14:06:12.461756+00', '2020-09-17 14:05:34.11706+00', 'ex://kube-DeploymentController-worker-processNextWorkItem-01EJE64Z0N76C9APZ7TFFFHYK6', 'r', 'en:///apis/apps/v1/namespaces/default/deployments/nginx', 'i:///apis/apps/v1/namespaces/default/deployments/nginx?gen=1', 'deployment nginx', 'deployment nginx') ON CONFLICT DO NOTHING;
INSERT INTO public.operations VALUES ('01EJE64ZCS0QGF4Y417PP5B2KA', '2020-09-17 14:06:12.478815+00', '2020-09-17 14:05:34.489064+00', 'ex://kube-DeploymentController-worker-processNextWorkItem-01EJE64ZCDTQ0E6F12RP85R9J1', 'r', 'en:///apis/apps/v1/namespaces/default/deployments/nginx', 'i:///apis/apps/v1/namespaces/default/deployments/nginx?gen=1', 'deployment nginx', 'deployment nginx') ON CONFLICT DO NOTHING;
INSERT INTO public.operations VALUES ('01EJE64ZEJT7JKNMFK2P7M2H3S', '2020-09-17 14:06:12.494015+00', '2020-09-17 14:05:34.54677+00', 'ex://kube-DeploymentController-worker-processNextWorkItem-01EJE64ZE01V19XN6DTMK18N4F', 'r', 'en:///apis/apps/v1/namespaces/default/deployments/nginx', 'i:///apis/apps/v1/namespaces/default/deployments/nginx?gen=1', 'deployment nginx', 'deployment nginx') ON CONFLICT DO NOTHING;
INSERT INTO public.operations VALUES ('01EJE648NW72KJKE02E9S44B8Y', '2020-09-17 14:06:18.932404+00', '2020-09-17 14:05:11.228122+00', 'ex://kube-DeploymentController-worker-processNextWorkItem-01EJE648NF4KTS29VG950F1H8J', 'r', 'en:///apis/apps/v1/namespaces/kube-system/deployments/coredns', 'i:///apis/apps/v1/namespaces/kube-system/deployments/coredns?gen=1', 'deployment coredns', 'deployment coredns') ON CONFLICT DO NOTHING;
INSERT INTO public.operations VALUES ('01EJE64HN9QQESDPR9EBEQ3M9R', '2020-09-17 14:06:18.948796+00', '2020-09-17 14:05:20.425928+00', 'ex://kube-DeploymentController-worker-processNextWorkItem-01EJE64HE3M4Q5CE0Y45MBWRZT', 'r', 'en:///apis/apps/v1/namespaces/default/deployments/nginx', 'i:///apis/apps/v1/namespaces/default/deployments/nginx?gen=1', 'deployment nginx', 'deployment nginx') ON CONFLICT DO NOTHING;
INSERT INTO public.operations VALUES ('01EJE64WR9ZZAYBMZMR424ZDCZ', '2020-09-17 14:06:18.955752+00', '2020-09-17 14:05:31.785326+00', 'ex://kube-DeploymentController-worker-processNextWorkItem-01EJE64WQV84ZJHY14GE1F8VVH', 'r', 'en:///apis/apps/v1/namespaces/default/deployments/nginx', 'i:///apis/apps/v1/namespaces/default/deployments/nginx?gen=1', 'deployment nginx', 'deployment nginx') ON CONFLICT DO NOTHING;
INSERT INTO public.operations VALUES ('01EJE64HDB3ZS7FFH1941JEP8C', '2020-09-17 14:06:18.961437+00', '2020-09-17 14:05:20.173039+00', 'ex://kube-DeploymentController-worker-processNextWorkItem-01EJE64HBVA0KAFZ1W0FR9TENT', 'r', 'en:///apis/apps/v1/namespaces/default/deployments/nginx', 'i:///apis/apps/v1/namespaces/default/deployments/nginx?gen=1', 'deployment nginx', 'deployment nginx') ON CONFLICT DO NOTHING;
INSERT INTO public.operations VALUES ('01EJE64VN0V118B60DS9BSTSAP', '2020-09-17 14:06:18.967667+00', '2020-09-17 14:05:30.656913+00', 'ex://kube-DeploymentController-worker-processNextWorkItem-01EJE64VMPVBA3TQVYXBYWMK0S', 'r', 'en:///apis/apps/v1/namespaces/default/deployments/nginx', 'i:///apis/apps/v1/namespaces/default/deployments/nginx?gen=1', 'deployment nginx', 'deployment nginx') ON CONFLICT DO NOTHING;
INSERT INTO public.operations VALUES ('01EJE648EB4PYCM6AX3THXWNDS', '2020-09-17 14:06:18.98515+00', '2020-09-17 14:05:10.987707+00', 'ex://kube-DeploymentController-worker-processNextWorkItem-01EJE648DF1P02JDNSD5HV122S', 'r', 'en:///apis/apps/v1/namespaces/kube-system/deployments/coredns', 'i:///apis/apps/v1/namespaces/kube-system/deployments/coredns?gen=1', 'deployment coredns', 'deployment coredns') ON CONFLICT DO NOTHING;
INSERT INTO public.operations VALUES ('01EJE649Q90VB6063JPE25EQS3', '2020-09-17 14:06:19.001875+00', '2020-09-17 14:05:12.298169+00', 'ex://kube-DeploymentController-worker-processNextWorkItem-01EJE649PQF57SAECBS5JDZ7PT', 'r', 'en:///apis/apps/v1/namespaces/kube-system/deployments/coredns', 'i:///apis/apps/v1/namespaces/kube-system/deployments/coredns?gen=1', 'deployment coredns', 'deployment coredns') ON CONFLICT DO NOTHING;
INSERT INTO public.operations VALUES ('01EJE64FGHNJ4BMCPK1GATVF9B', '2020-09-17 14:06:19.012037+00', '2020-09-17 14:05:18.225201+00', 'ex://kube-DeploymentController-worker-processNextWorkItem-01EJE64FG345M6WHZE0WWRZT8N', 'r', 'en:///apis/apps/v1/namespaces/kube-system/deployments/coredns', 'i:///apis/apps/v1/namespaces/kube-system/deployments/coredns?gen=1', 'deployment coredns', 'deployment coredns') ON CONFLICT DO NOTHING;
INSERT INTO public.operations VALUES ('01EJE64G1FC5DNFBK93YCMYTV9', '2020-09-17 14:06:19.021132+00', '2020-09-17 14:05:18.767351+00', 'ex://kube-DeploymentController-worker-processNextWorkItem-01EJE64G0ZP4ENCRMN9G4TRZ0W', 'r', 'en:///apis/apps/v1/namespaces/kube-system/deployments/coredns', 'i:///apis/apps/v1/namespaces/kube-system/deployments/coredns?gen=1', 'deployment coredns', 'deployment coredns') ON CONFLICT DO NOTHING;
INSERT INTO public.operations VALUES ('01EJE64H3EJEE8Y3630JCTFAHP', '2020-09-17 14:06:19.031002+00', '2020-09-17 14:05:19.855063+00', 'ex://kube-DeploymentController-worker-processNextWorkItem-01EJE64H37WEY58MBMX8H5MWRN', 'r', 'en:///apis/apps/v1/namespaces/default/deployments/nginx', 'i:///apis/apps/v1/namespaces/default/deployments/nginx?gen=1', 'deployment nginx', 'deployment nginx') ON CONFLICT DO NOTHING;
INSERT INTO public.operations VALUES ('01EJE64HV8CK5E7MRAE2APMSEH', '2020-09-17 14:06:19.041312+00', '2020-09-17 14:05:20.616315+00', 'ex://kube-DeploymentController-worker-processNextWorkItem-01EJE64HTSXRSMBDZZZBKS76NF', 'r', 'en:///apis/apps/v1/namespaces/default/deployments/nginx', 'i:///apis/apps/v1/namespaces/default/deployments/nginx?gen=1', 'deployment nginx', 'deployment nginx') ON CONFLICT DO NOTHING;
INSERT INTO public.operations VALUES ('01EJE64S2Z1RME35N58GR6WBP2', '2020-09-17 14:06:19.069185+00', '2020-09-17 14:05:28.031348+00', 'ex://kube-DeploymentController-worker-processNextWorkItem-01EJE64S1ACRWA8B9KRZ6CKC19', 'r', 'en:///apis/apps/v1/namespaces/default/deployments/nginx', 'i:///apis/apps/v1/namespaces/default/deployments/nginx?gen=1', 'deployment nginx', 'deployment nginx') ON CONFLICT DO NOTHING;
INSERT INTO public.operations VALUES ('01EJE64WTVEJVQE375HPYGZWB5', '2020-09-17 14:06:19.078561+00', '2020-09-17 14:05:31.867751+00', 'ex://kube-DeploymentController-worker-processNextWorkItem-01EJE64WTA8Z076SHQRMNJ9TZQ', 'r', 'en:///apis/apps/v1/namespaces/default/deployments/nginx', 'i:///apis/apps/v1/namespaces/default/deployments/nginx?gen=1', 'deployment nginx', 'deployment nginx') ON CONFLICT DO NOTHING;
INSERT INTO public.operations VALUES ('01EJE64X519CFDB7VJEFJBTDD3', '2020-09-17 14:06:19.087841+00', '2020-09-17 14:05:32.194018+00', 'ex://kube-DeploymentController-worker-processNextWorkItem-01EJE64X43MRNP8FD5EF4PRZ7B', 'r', 'en:///apis/apps/v1/namespaces/default/deployments/nginx', 'i:///apis/apps/v1/namespaces/default/deployments/nginx?gen=1', 'deployment nginx', 'deployment nginx') ON CONFLICT DO NOTHING;
INSERT INTO public.operations VALUES ('01EJE64YVJAPJK3GRERQ44560X', '2020-09-17 14:06:19.098304+00', '2020-09-17 14:05:33.938263+00', 'ex://kube-DeploymentController-worker-processNextWorkItem-01EJE64YV2A12Q65VYMY2GYC51', 'r', 'en:///apis/apps/v1/namespaces/default/deployments/nginx', 'i:///apis/apps/v1/namespaces/default/deployments/nginx?gen=1', 'deployment nginx', 'deployment nginx') ON CONFLICT DO NOTHING;
INSERT INTO public.operations VALUES ('01EJE64Z01RB0YCVWVPTSC8B5E', '2020-09-17 14:06:19.108159+00', '2020-09-17 14:05:34.081873+00', 'ex://kube-DeploymentController-worker-processNextWorkItem-01EJE64YZC3HGAHX7Q6HTNJMHG', 'r', 'en:///apis/apps/v1/namespaces/default/deployments/nginx', 'i:///apis/apps/v1/namespaces/default/deployments/nginx?gen=1', 'deployment nginx', 'deployment nginx') ON CONFLICT DO NOTHING;
INSERT INTO public.operations VALUES ('01EJE64Z2JDDC51Q2V4DVHB2B9', '2020-09-17 14:06:19.117834+00', '2020-09-17 14:05:34.162977+00', 'ex://kube-DeploymentController-worker-processNextWorkItem-01EJE64Z258YCFC25GEM3QDWEP', 'r', 'en:///apis/apps/v1/namespaces/default/deployments/nginx', 'i:///apis/apps/v1/namespaces/default/deployments/nginx?gen=1', 'deployment nginx', 'deployment nginx') ON CONFLICT DO NOTHING;


--
-- Data for Name: processes; Type: TABLE DATA; Schema: public; Owner: tenmo
--



--
-- Name: entities entities_pkey; Type: CONSTRAINT; Schema: public; Owner: tenmo
--

ALTER TABLE ONLY public.entities
    ADD CONSTRAINT entities_pkey PRIMARY KEY (entity_id);


--
-- Name: events events_pkey; Type: CONSTRAINT; Schema: public; Owner: tenmo
--

ALTER TABLE ONLY public.events
    ADD CONSTRAINT events_pkey PRIMARY KEY (ulid);


--
-- Name: executions executions_pkey; Type: CONSTRAINT; Schema: public; Owner: tenmo
--

ALTER TABLE ONLY public.executions
    ADD CONSTRAINT executions_pkey PRIMARY KEY (execution_id);


--
-- Name: incarnations incarnations_pkey; Type: CONSTRAINT; Schema: public; Owner: tenmo
--

ALTER TABLE ONLY public.incarnations
    ADD CONSTRAINT incarnations_pkey PRIMARY KEY (incarnation_id);


--
-- Name: migrations migrations_pkey; Type: CONSTRAINT; Schema: public; Owner: tenmo
--

ALTER TABLE ONLY public.migrations
    ADD CONSTRAINT migrations_pkey PRIMARY KEY (id);


--
-- Name: operations operations_pkey; Type: CONSTRAINT; Schema: public; Owner: tenmo
--

ALTER TABLE ONLY public.operations
    ADD CONSTRAINT operations_pkey PRIMARY KEY (operation_id);


--
-- Name: processes processes_pkey; Type: CONSTRAINT; Schema: public; Owner: tenmo
--

ALTER TABLE ONLY public.processes
    ADD CONSTRAINT processes_pkey PRIMARY KEY (process_id);


--
-- Name: events events_changed; Type: TRIGGER; Schema: public; Owner: tenmo
--

CREATE TRIGGER events_changed AFTER INSERT OR UPDATE ON public.events FOR EACH ROW EXECUTE FUNCTION public.notify_events_changes();


--
-- Name: events update_events_modtime; Type: TRIGGER; Schema: public; Owner: tenmo
--

CREATE TRIGGER update_events_modtime BEFORE UPDATE ON public.events FOR EACH ROW EXECUTE FUNCTION public.update_modified_column();


--
-- Name: executions executions_creator_id_fkey; Type: FK CONSTRAINT; Schema: public; Owner: tenmo
--

ALTER TABLE ONLY public.executions
    ADD CONSTRAINT executions_creator_id_fkey FOREIGN KEY (creator_id) REFERENCES public.executions(execution_id);


--
-- Name: executions executions_parent_id_fkey; Type: FK CONSTRAINT; Schema: public; Owner: tenmo
--

ALTER TABLE ONLY public.executions
    ADD CONSTRAINT executions_parent_id_fkey FOREIGN KEY (parent_id) REFERENCES public.executions(execution_id);


--
-- Name: executions executions_process_id_fkey; Type: FK CONSTRAINT; Schema: public; Owner: tenmo
--

ALTER TABLE ONLY public.executions
    ADD CONSTRAINT executions_process_id_fkey FOREIGN KEY (process_id) REFERENCES public.processes(process_id);


--
-- Name: incarnations incarnations_creator_id_fkey; Type: FK CONSTRAINT; Schema: public; Owner: tenmo
--

ALTER TABLE ONLY public.incarnations
    ADD CONSTRAINT incarnations_creator_id_fkey FOREIGN KEY (creator_id) REFERENCES public.executions(execution_id);


--
-- Name: incarnations incarnations_entity_id_fkey; Type: FK CONSTRAINT; Schema: public; Owner: tenmo
--

ALTER TABLE ONLY public.incarnations
    ADD CONSTRAINT incarnations_entity_id_fkey FOREIGN KEY (entity_id) REFERENCES public.entities(entity_id);


--
-- Name: operations operations_entity_id_fkey; Type: FK CONSTRAINT; Schema: public; Owner: tenmo
--

ALTER TABLE ONLY public.operations
    ADD CONSTRAINT operations_entity_id_fkey FOREIGN KEY (entity_id) REFERENCES public.entities(entity_id);


--
-- Name: operations operations_execution_id_fkey; Type: FK CONSTRAINT; Schema: public; Owner: tenmo
--

ALTER TABLE ONLY public.operations
    ADD CONSTRAINT operations_execution_id_fkey FOREIGN KEY (execution_id) REFERENCES public.executions(execution_id);


--
-- Name: operations operations_incarnation_id_fkey; Type: FK CONSTRAINT; Schema: public; Owner: tenmo
--

ALTER TABLE ONLY public.operations
    ADD CONSTRAINT operations_incarnation_id_fkey FOREIGN KEY (incarnation_id) REFERENCES public.incarnations(incarnation_id);


--
-- PostgreSQL database dump complete
--

